configuration	directory	coverage	replicate	het_SV_chr1_22	phased_SV_chr1_22	het_SV_all	phased_SV_all	het_5mC_chr1_22	phased_5mC_chr1_22	het_5mC_all	phased_5mC_all	gnn_het_SV_chr1_22	gnn_phased_SV_chr1_22	gnn_het_SV_all	gnn_phased_SV_all	gnn_het_5mC_chr1_22	gnn_phased_5mC_chr1_22	gnn_het_5mC_all	gnn_phased_5mC_all
Mod+Indel	longphase_coh_indel_methyl	10	1	NA	NA	NA	NA	283276	280614	284230	281562	NA	NA	NA	NA	283276	267899	284230	268795
Mod+Indel	longphase_coh_indel_methyl	10	2	NA	NA	NA	NA	282782	280027	283726	280958	NA	NA	NA	NA	282782	267259	283726	268123
Mod+Indel	longphase_coh_indel_methyl	10	3	NA	NA	NA	NA	284088	281377	284982	282255	NA	NA	NA	NA	284088	268639	284982	269491
Mod+Indel	longphase_coh_indel_methyl	10	4	NA	NA	NA	NA	282260	279867	283204	280795	NA	NA	NA	NA	282260	267033	283204	267907
Mod+Indel	longphase_coh_indel_methyl	10	5	NA	NA	NA	NA	282086	279256	283022	280191	NA	NA	NA	NA	282086	266427	283022	267311
Mod+Indel	longphase_coh_indel_methyl	10	6	NA	NA	NA	NA	282824	279984	283858	281016	NA	NA	NA	NA	282824	267332	283858	268325
Mod+Indel	longphase_coh_indel_methyl	10	7	NA	NA	NA	NA	281126	278122	282082	279049	NA	NA	NA	NA	281126	265739	282082	266642
Mod+Indel	longphase_coh_indel_methyl	10	8	NA	NA	NA	NA	282996	280175	283860	281033	NA	NA	NA	NA	282996	267442	283860	268266
Mod+Indel	longphase_coh_indel_methyl	10	9	NA	NA	NA	NA	283690	281119	284756	282172	NA	NA	NA	NA	283690	268471	284756	269482
Mod+Indel	longphase_coh_indel_methyl	10	10	NA	NA	NA	NA	284754	282172	285596	283004	NA	NA	NA	NA	284754	269144	285596	269956
Mod+Indel	longphase_coh_indel_methyl	12	1	NA	NA	NA	NA	363332	360003	364526	361186	NA	NA	NA	NA	363332	345612	364526	346769
Mod+Indel	longphase_coh_indel_methyl	12	2	NA	NA	NA	NA	358740	355733	359930	356910	NA	NA	NA	NA	358740	341659	359930	342781
Mod+Indel	longphase_coh_indel_methyl	12	3	NA	NA	NA	NA	359288	356295	360536	357528	NA	NA	NA	NA	359288	342031	360536	343209
Mod+Indel	longphase_coh_indel_methyl	12	4	NA	NA	NA	NA	362878	359541	364018	360673	NA	NA	NA	NA	362878	344966	364018	346057
Mod+Indel	longphase_coh_indel_methyl	12	5	NA	NA	NA	NA	358258	355242	359364	356333	NA	NA	NA	NA	358258	340613	359364	341662
Mod+Indel	longphase_coh_indel_methyl	12	6	NA	NA	NA	NA	357646	354442	358804	355598	NA	NA	NA	NA	357646	340430	358804	341519
Mod+Indel	longphase_coh_indel_methyl	12	7	NA	NA	NA	NA	360418	357331	361744	358641	NA	NA	NA	NA	360418	343256	361744	344501
Mod+Indel	longphase_coh_indel_methyl	12	8	NA	NA	NA	NA	362332	359313	363502	360460	NA	NA	NA	NA	362332	344614	363502	345688
Mod+Indel	longphase_coh_indel_methyl	12	9	NA	NA	NA	NA	356974	354187	358022	355219	NA	NA	NA	NA	356974	340148	358022	341130
Mod+Indel	longphase_coh_indel_methyl	12	10	NA	NA	NA	NA	359080	355865	360286	357051	NA	NA	NA	NA	359080	341471	360286	342608
Mod+Indel	longphase_coh_indel_methyl	14	1	NA	NA	NA	NA	406406	403129	407794	404505	NA	NA	NA	NA	406406	388937	407794	390257
Mod+Indel	longphase_coh_indel_methyl	14	2	NA	NA	NA	NA	407578	404088	408752	405237	NA	NA	NA	NA	407578	389909	408752	390977
Mod+Indel	longphase_coh_indel_methyl	14	3	NA	NA	NA	NA	409430	406405	410744	407704	NA	NA	NA	NA	409430	392541	410744	393787
Mod+Indel	longphase_coh_indel_methyl	14	4	NA	NA	NA	NA	408602	405419	409850	406645	NA	NA	NA	NA	408602	391147	409850	392315
Mod+Indel	longphase_coh_indel_methyl	14	5	NA	NA	NA	NA	407618	404502	408888	405747	NA	NA	NA	NA	407618	390037	408888	391233
Mod+Indel	longphase_coh_indel_methyl	14	6	NA	NA	NA	NA	403676	400495	405054	401862	NA	NA	NA	NA	403676	385697	405054	386993
Mod+Indel	longphase_coh_indel_methyl	14	7	NA	NA	NA	NA	408168	404597	409528	405917	NA	NA	NA	NA	408168	390676	409528	391959
Mod+Indel	longphase_coh_indel_methyl	14	8	NA	NA	NA	NA	404944	401816	406366	403218	NA	NA	NA	NA	404944	387864	406366	389240
Mod+Indel	longphase_coh_indel_methyl	14	9	NA	NA	NA	NA	406472	403352	407756	404622	NA	NA	NA	NA	406472	389027	407756	390274
Mod+Indel	longphase_coh_indel_methyl	14	10	NA	NA	NA	NA	404612	401464	405844	402679	NA	NA	NA	NA	404612	387267	405844	388440
Mod+Indel	longphase_coh_indel_methyl	16	1	NA	NA	NA	NA	428704	425846	429972	427091	NA	NA	NA	NA	428704	413151	429972	414338
Mod+Indel	longphase_coh_indel_methyl	16	2	NA	NA	NA	NA	430336	427169	431808	428616	NA	NA	NA	NA	430336	413696	431808	415097
Mod+Indel	longphase_coh_indel_methyl	16	3	NA	NA	NA	NA	429722	426325	431086	427638	NA	NA	NA	NA	429722	413332	431086	414579
Mod+Indel	longphase_coh_indel_methyl	16	4	NA	NA	NA	NA	430612	427575	431932	428877	NA	NA	NA	NA	430612	413863	431932	415096
Mod+Indel	longphase_coh_indel_methyl	16	5	NA	NA	NA	NA	430488	426979	431812	428272	NA	NA	NA	NA	430488	414047	431812	415304
Mod+Indel	longphase_coh_indel_methyl	16	6	NA	NA	NA	NA	430498	427224	431740	428458	NA	NA	NA	NA	430498	414355	431740	415560
Mod+Indel	longphase_coh_indel_methyl	16	7	NA	NA	NA	NA	431210	428032	432454	429268	NA	NA	NA	NA	431210	415434	432454	416610
Mod+Indel	longphase_coh_indel_methyl	16	8	NA	NA	NA	NA	432046	428876	433490	430288	NA	NA	NA	NA	432046	415832	433490	417186
Mod+Indel	longphase_coh_indel_methyl	16	9	NA	NA	NA	NA	430364	427219	431642	428495	NA	NA	NA	NA	430364	414255	431642	415456
Mod+Indel	longphase_coh_indel_methyl	16	10	NA	NA	NA	NA	431394	428372	433018	429984	NA	NA	NA	NA	431394	415460	433018	417031
Mod+Indel	longphase_coh_indel_methyl	18	1	NA	NA	NA	NA	440146	436907	441632	438375	NA	NA	NA	NA	440146	425230	441632	426630
Mod+Indel	longphase_coh_indel_methyl	18	2	NA	NA	NA	NA	442300	439055	443724	440468	NA	NA	NA	NA	442300	427592	443724	428941
Mod+Indel	longphase_coh_indel_methyl	18	3	NA	NA	NA	NA	442156	439287	443686	440783	NA	NA	NA	NA	442156	427887	443686	429337
Mod+Indel	longphase_coh_indel_methyl	18	4	NA	NA	NA	NA	443698	440529	445200	442021	NA	NA	NA	NA	443698	428878	445200	430343
Mod+Indel	longphase_coh_indel_methyl	18	5	NA	NA	NA	NA	442456	439157	443804	440482	NA	NA	NA	NA	442456	427561	443804	428842
Mod+Indel	longphase_coh_indel_methyl	18	6	NA	NA	NA	NA	442240	438913	443684	440351	NA	NA	NA	NA	442240	426893	443684	428279
Mod+Indel	longphase_coh_indel_methyl	18	7	NA	NA	NA	NA	443972	441122	445482	442600	NA	NA	NA	NA	443972	429502	445482	430935
Mod+Indel	longphase_coh_indel_methyl	18	8	NA	NA	NA	NA	443002	440060	444436	441472	NA	NA	NA	NA	443002	428290	444436	429635
Mod+Indel	longphase_coh_indel_methyl	18	9	NA	NA	NA	NA	444058	440707	445504	442135	NA	NA	NA	NA	444058	428837	445504	430210
Mod+Indel	longphase_coh_indel_methyl	18	10	NA	NA	NA	NA	442238	439326	443656	440727	NA	NA	NA	NA	442238	427644	443656	429004
Mod+Indel	longphase_coh_indel_methyl	20	1	NA	NA	NA	NA	449076	446069	450624	447595	NA	NA	NA	NA	449076	435619	450624	437083
Mod+Indel	longphase_coh_indel_methyl	20	2	NA	NA	NA	NA	449624	446713	451222	448297	NA	NA	NA	NA	449624	435891	451222	437412
Mod+Indel	longphase_coh_indel_methyl	20	3	NA	NA	NA	NA	450600	447701	452012	449090	NA	NA	NA	NA	450600	437581	452012	438921
Mod+Indel	longphase_coh_indel_methyl	20	4	NA	NA	NA	NA	449498	446618	451166	448264	NA	NA	NA	NA	449498	436143	451166	437723
Mod+Indel	longphase_coh_indel_methyl	20	5	NA	NA	NA	NA	450480	447355	452022	448882	NA	NA	NA	NA	450480	436753	452022	438240
Mod+Indel	longphase_coh_indel_methyl	20	6	NA	NA	NA	NA	451608	448753	453046	450179	NA	NA	NA	NA	451608	437799	453046	439195
Mod+Indel	longphase_coh_indel_methyl	20	7	NA	NA	NA	NA	449444	446723	450838	448089	NA	NA	NA	NA	449444	436332	450838	437662
Mod+Indel	longphase_coh_indel_methyl	20	8	NA	NA	NA	NA	451738	448626	453204	450078	NA	NA	NA	NA	451738	437914	453204	439340
Mod+Indel	longphase_coh_indel_methyl	20	9	NA	NA	NA	NA	452310	449320	453802	450776	NA	NA	NA	NA	452310	438678	453802	440010
Mod+Indel	longphase_coh_indel_methyl	20	10	NA	NA	NA	NA	450814	447875	452384	449436	NA	NA	NA	NA	450814	437598	452384	439090
Mod+Indel	longphase_coh_indel_methyl	30	1	NA	NA	NA	NA	472926	470102	474512	471661	NA	NA	NA	NA	472926	461718	474512	463230
Mod+Indel	longphase_coh_indel_methyl	40	1	NA	NA	NA	NA	483368	480587	485070	482250	NA	NA	NA	NA	483368	472961	485070	474575
Mod+Indel	longphase_coh_indel_methyl	50	1	NA	NA	NA	NA	492150	489189	493774	490798	NA	NA	NA	NA	492150	482284	493774	483859
Mod+Indel	longphase_coh_indel_methyl	60	1	NA	NA	NA	NA	497888	494676	499496	496238	NA	NA	NA	NA	497888	488082	499496	489608
Mod	longphase_coh_methyl	10	1	NA	NA	NA	NA	283276	280122	284230	281070	NA	NA	NA	NA	283276	271236	284230	272155
Mod	longphase_coh_methyl	10	2	NA	NA	NA	NA	282782	279431	283726	280363	NA	NA	NA	NA	282782	270421	283726	271311
Mod	longphase_coh_methyl	10	3	NA	NA	NA	NA	284088	280796	284982	281668	NA	NA	NA	NA	284088	271674	284982	272527
Mod	longphase_coh_methyl	10	4	NA	NA	NA	NA	282260	279294	283204	280224	NA	NA	NA	NA	282260	270140	283204	271016
Mod	longphase_coh_methyl	10	5	NA	NA	NA	NA	282086	278705	283022	279641	NA	NA	NA	NA	282086	269894	283022	270795
Mod	longphase_coh_methyl	10	6	NA	NA	NA	NA	282824	279372	283858	280394	NA	NA	NA	NA	282824	270501	283858	271486
Mod	longphase_coh_methyl	10	7	NA	NA	NA	NA	281126	277684	282082	278610	NA	NA	NA	NA	281126	268942	282082	269843
Mod	longphase_coh_methyl	10	8	NA	NA	NA	NA	282996	279526	283860	280378	NA	NA	NA	NA	282996	270654	283860	271489
Mod	longphase_coh_methyl	10	9	NA	NA	NA	NA	283690	280702	284756	281742	NA	NA	NA	NA	283690	271936	284756	272954
Mod	longphase_coh_methyl	10	10	NA	NA	NA	NA	284754	281477	285596	282307	NA	NA	NA	NA	284754	272127	285596	272936
Mod	longphase_coh_methyl	12	1	NA	NA	NA	NA	363332	359495	364526	360683	NA	NA	NA	NA	363332	349327	364526	350491
Mod	longphase_coh_methyl	12	2	NA	NA	NA	NA	358740	354999	359930	356185	NA	NA	NA	NA	358740	345051	359930	346221
Mod	longphase_coh_methyl	12	3	NA	NA	NA	NA	359288	355694	360536	356930	NA	NA	NA	NA	359288	345698	360536	346870
Mod	longphase_coh_methyl	12	4	NA	NA	NA	NA	362878	358960	364018	360088	NA	NA	NA	NA	362878	348621	364018	349710
Mod	longphase_coh_methyl	12	5	NA	NA	NA	NA	358258	354722	359364	355820	NA	NA	NA	NA	358258	344509	359364	345584
Mod	longphase_coh_methyl	12	6	NA	NA	NA	NA	357646	354104	358804	355256	NA	NA	NA	NA	357646	344288	358804	345399
Mod	longphase_coh_methyl	12	7	NA	NA	NA	NA	360418	356326	361744	357636	NA	NA	NA	NA	360418	346618	361744	347893
Mod	longphase_coh_methyl	12	8	NA	NA	NA	NA	362332	358603	363502	359751	NA	NA	NA	NA	362332	348442	363502	349526
Mod	longphase_coh_methyl	12	9	NA	NA	NA	NA	356974	353374	358022	354406	NA	NA	NA	NA	356974	343497	358022	344493
Mod	longphase_coh_methyl	12	10	NA	NA	NA	NA	359080	355001	360286	356187	NA	NA	NA	NA	359080	344735	360286	345872
Mod	longphase_coh_methyl	14	1	NA	NA	NA	NA	406406	402494	407794	403874	NA	NA	NA	NA	406406	392530	407794	393869
Mod	longphase_coh_methyl	14	2	NA	NA	NA	NA	407578	403445	408752	404585	NA	NA	NA	NA	407578	393700	408752	394800
Mod	longphase_coh_methyl	14	3	NA	NA	NA	NA	409430	405707	410744	407003	NA	NA	NA	NA	409430	396414	410744	397677
Mod	longphase_coh_methyl	14	4	NA	NA	NA	NA	408602	404711	409850	405939	NA	NA	NA	NA	408602	394793	409850	395980
Mod	longphase_coh_methyl	14	5	NA	NA	NA	NA	407618	403747	408888	404989	NA	NA	NA	NA	407618	393844	408888	395056
Mod	longphase_coh_methyl	14	6	NA	NA	NA	NA	403676	399869	405054	401237	NA	NA	NA	NA	403676	389798	405054	391106
Mod	longphase_coh_methyl	14	7	NA	NA	NA	NA	408168	403988	409528	405308	NA	NA	NA	NA	408168	394385	409528	395670
Mod	longphase_coh_methyl	14	8	NA	NA	NA	NA	404944	401062	406366	402468	NA	NA	NA	NA	404944	391235	406366	392614
Mod	longphase_coh_methyl	14	9	NA	NA	NA	NA	406472	402538	407756	403804	NA	NA	NA	NA	406472	392494	407756	393739
Mod	longphase_coh_methyl	14	10	NA	NA	NA	NA	404612	400602	405844	401814	NA	NA	NA	NA	404612	390668	405844	391843
Mod	longphase_coh_methyl	16	1	NA	NA	NA	NA	428704	424983	429972	426221	NA	NA	NA	NA	428704	416306	429972	417510
Mod	longphase_coh_methyl	16	2	NA	NA	NA	NA	430336	426201	431808	427641	NA	NA	NA	NA	430336	416566	431808	417971
Mod	longphase_coh_methyl	16	3	NA	NA	NA	NA	429722	425926	431086	427244	NA	NA	NA	NA	429722	417044	431086	418303
Mod	longphase_coh_methyl	16	4	NA	NA	NA	NA	430612	426680	431932	427978	NA	NA	NA	NA	430612	417420	431932	418683
Mod	longphase_coh_methyl	16	5	NA	NA	NA	NA	430488	426375	431812	427669	NA	NA	NA	NA	430488	417221	431812	418494
Mod	longphase_coh_methyl	16	6	NA	NA	NA	NA	430498	426252	431740	427474	NA	NA	NA	NA	430498	417427	431740	418633
Mod	longphase_coh_methyl	16	7	NA	NA	NA	NA	431210	427453	432454	428689	NA	NA	NA	NA	431210	418783	432454	419983
Mod	longphase_coh_methyl	16	8	NA	NA	NA	NA	432046	428042	433490	429462	NA	NA	NA	NA	432046	419135	433490	420515
Mod	longphase_coh_methyl	16	9	NA	NA	NA	NA	430364	426605	431642	427881	NA	NA	NA	NA	430364	417573	431642	418820
Mod	longphase_coh_methyl	16	10	NA	NA	NA	NA	431394	427692	433018	429298	NA	NA	NA	NA	431394	419214	433018	420795
Mod	longphase_coh_methyl	18	1	NA	NA	NA	NA	440146	436250	441632	437720	NA	NA	NA	NA	440146	428153	441632	429582
Mod	longphase_coh_methyl	18	2	NA	NA	NA	NA	442300	438265	443724	439679	NA	NA	NA	NA	442300	430237	443724	431617
Mod	longphase_coh_methyl	18	3	NA	NA	NA	NA	442156	438463	443686	439961	NA	NA	NA	NA	442156	430992	443686	432471
Mod	longphase_coh_methyl	18	4	NA	NA	NA	NA	443698	440138	445200	441616	NA	NA	NA	NA	443698	432282	445200	433730
Mod	longphase_coh_methyl	18	5	NA	NA	NA	NA	442456	438484	443804	439812	NA	NA	NA	NA	442456	430438	443804	431744
Mod	longphase_coh_methyl	18	6	NA	NA	NA	NA	442240	438148	443684	439580	NA	NA	NA	NA	442240	429713	443684	431120
Mod	longphase_coh_methyl	18	7	NA	NA	NA	NA	443972	440228	445482	441722	NA	NA	NA	NA	443972	432191	445482	433641
Mod	longphase_coh_methyl	18	8	NA	NA	NA	NA	443002	439512	444436	440926	NA	NA	NA	NA	443002	431300	444436	432675
Mod	longphase_coh_methyl	18	9	NA	NA	NA	NA	444058	440227	445504	441659	NA	NA	NA	NA	444058	432041	445504	433445
Mod	longphase_coh_methyl	18	10	NA	NA	NA	NA	442238	438633	443656	440023	NA	NA	NA	NA	442238	430578	443656	431949
Mod	longphase_coh_methyl	20	1	NA	NA	NA	NA	449076	445530	450624	447042	NA	NA	NA	NA	449076	438281	450624	439758
Mod	longphase_coh_methyl	20	2	NA	NA	NA	NA	449624	446255	451222	447811	NA	NA	NA	NA	449624	438781	451222	440301
Mod	longphase_coh_methyl	20	3	NA	NA	NA	NA	450600	447258	452012	448652	NA	NA	NA	NA	450600	440425	452012	441801
Mod	longphase_coh_methyl	20	4	NA	NA	NA	NA	449498	445850	451166	447494	NA	NA	NA	NA	449498	438500	451166	440109
Mod	longphase_coh_methyl	20	5	NA	NA	NA	NA	450480	446736	452022	448266	NA	NA	NA	NA	450480	439613	452022	441115
Mod	longphase_coh_methyl	20	6	NA	NA	NA	NA	451608	447980	453046	449410	NA	NA	NA	NA	451608	440929	453046	442343
Mod	longphase_coh_methyl	20	7	NA	NA	NA	NA	449444	445938	450838	447304	NA	NA	NA	NA	449444	438775	450838	440111
Mod	longphase_coh_methyl	20	8	NA	NA	NA	NA	451738	447925	453204	449377	NA	NA	NA	NA	451738	440476	453204	441905
Mod	longphase_coh_methyl	20	9	NA	NA	NA	NA	452310	448529	453802	449985	NA	NA	NA	NA	452310	441147	453802	442555
Mod	longphase_coh_methyl	20	10	NA	NA	NA	NA	450814	447228	452384	448788	NA	NA	NA	NA	450814	440074	452384	441574
Mod	longphase_coh_methyl	30	1	NA	NA	NA	NA	472926	469662	474512	471214	NA	NA	NA	NA	472926	464031	474512	465557
Mod	longphase_coh_methyl	40	1	NA	NA	NA	NA	483368	480307	485070	481967	NA	NA	NA	NA	483368	475028	485070	476661
Mod	longphase_coh_methyl	50	1	NA	NA	NA	NA	492150	488985	493774	490583	NA	NA	NA	NA	492150	484194	493774	485780
Mod	longphase_coh_methyl	60	1	NA	NA	NA	NA	497888	494529	499496	496085	NA	NA	NA	NA	497888	489828	499496	491367
SV	longphase_coh_sv	10	1	14439	10494	14909	10774	NA	NA	NA	NA	14439	10096	14909	10369	NA	NA	NA	NA
SV	longphase_coh_sv	10	2	14274	10394	14746	10683	NA	NA	NA	NA	14274	10004	14746	10284	NA	NA	NA	NA
SV	longphase_coh_sv	10	3	14405	10486	14849	10768	NA	NA	NA	NA	14405	10114	14849	10347	NA	NA	NA	NA
SV	longphase_coh_sv	10	4	14507	10478	14967	10767	NA	NA	NA	NA	14507	10115	14967	10385	NA	NA	NA	NA
SV	longphase_coh_sv	10	5	14344	10448	14778	10721	NA	NA	NA	NA	14344	10087	14778	10350	NA	NA	NA	NA
SV	longphase_coh_sv	10	6	14603	10628	15091	10899	NA	NA	NA	NA	14603	10286	15091	10536	NA	NA	NA	NA
SV	longphase_coh_sv	10	7	14310	10386	14733	10648	NA	NA	NA	NA	14310	10041	14733	10285	NA	NA	NA	NA
SV	longphase_coh_sv	10	8	14257	10415	14694	10684	NA	NA	NA	NA	14257	10040	14694	10285	NA	NA	NA	NA
SV	longphase_coh_sv	10	9	14528	10596	15000	10896	NA	NA	NA	NA	14528	10204	15000	10475	NA	NA	NA	NA
SV	longphase_coh_sv	10	10	14479	10556	14914	10838	NA	NA	NA	NA	14479	10198	14914	10463	NA	NA	NA	NA
SV	longphase_coh_sv	12	1	15583	11355	16102	11665	NA	NA	NA	NA	15583	11004	16102	11293	NA	NA	NA	NA
SV	longphase_coh_sv	12	2	15643	11350	16140	11656	NA	NA	NA	NA	15643	10974	16140	11248	NA	NA	NA	NA
SV	longphase_coh_sv	12	3	15613	11311	16201	11674	NA	NA	NA	NA	15613	11006	16201	11321	NA	NA	NA	NA
SV	longphase_coh_sv	12	4	15617	11317	16117	11653	NA	NA	NA	NA	15617	10927	16117	11234	NA	NA	NA	NA
SV	longphase_coh_sv	12	5	15618	11374	16153	11706	NA	NA	NA	NA	15618	11021	16153	11336	NA	NA	NA	NA
SV	longphase_coh_sv	12	6	15495	11280	16054	11609	NA	NA	NA	NA	15495	10942	16054	11241	NA	NA	NA	NA
SV	longphase_coh_sv	12	7	15566	11292	16064	11594	NA	NA	NA	NA	15566	10947	16064	11222	NA	NA	NA	NA
SV	longphase_coh_sv	12	8	15742	11440	16259	11781	NA	NA	NA	NA	15742	11038	16259	11340	NA	NA	NA	NA
SV	longphase_coh_sv	12	9	15550	11322	16062	11642	NA	NA	NA	NA	15550	11012	16062	11305	NA	NA	NA	NA
SV	longphase_coh_sv	12	10	15536	11384	16057	11711	NA	NA	NA	NA	15536	11026	16057	11326	NA	NA	NA	NA
SV	longphase_coh_sv	14	1	16207	11888	16753	12208	NA	NA	NA	NA	16207	11547	16753	11830	NA	NA	NA	NA
SV	longphase_coh_sv	14	2	16282	11850	16805	12178	NA	NA	NA	NA	16282	11501	16805	11793	NA	NA	NA	NA
SV	longphase_coh_sv	14	3	16202	11865	16747	12213	NA	NA	NA	NA	16202	11540	16747	11856	NA	NA	NA	NA
SV	longphase_coh_sv	14	4	16171	11843	16697	12167	NA	NA	NA	NA	16171	11487	16697	11783	NA	NA	NA	NA
SV	longphase_coh_sv	14	5	16118	11750	16663	12082	NA	NA	NA	NA	16118	11386	16663	11691	NA	NA	NA	NA
SV	longphase_coh_sv	14	6	16053	11738	16616	12080	NA	NA	NA	NA	16053	11399	16616	11699	NA	NA	NA	NA
SV	longphase_coh_sv	14	7	16204	11839	16770	12179	NA	NA	NA	NA	16204	11493	16770	11796	NA	NA	NA	NA
SV	longphase_coh_sv	14	8	16137	11835	16682	12163	NA	NA	NA	NA	16137	11520	16682	11833	NA	NA	NA	NA
SV	longphase_coh_sv	14	9	16233	11757	16757	12082	NA	NA	NA	NA	16233	11407	16757	11702	NA	NA	NA	NA
SV	longphase_coh_sv	14	10	16084	11824	16607	12157	NA	NA	NA	NA	16084	11501	16607	11809	NA	NA	NA	NA
SV	longphase_coh_sv	16	1	16418	12041	17012	12418	NA	NA	NA	NA	16418	11697	17012	12044	NA	NA	NA	NA
SV	longphase_coh_sv	16	2	16468	12077	17054	12433	NA	NA	NA	NA	16468	11756	17054	12078	NA	NA	NA	NA
SV	longphase_coh_sv	16	3	16550	12087	17149	12474	NA	NA	NA	NA	16550	11765	17149	12127	NA	NA	NA	NA
SV	longphase_coh_sv	16	4	16448	12002	17038	12368	NA	NA	NA	NA	16448	11670	17038	12003	NA	NA	NA	NA
SV	longphase_coh_sv	16	5	16570	12187	17160	12564	NA	NA	NA	NA	16570	11876	17160	12223	NA	NA	NA	NA
SV	longphase_coh_sv	16	6	16407	11976	17022	12350	NA	NA	NA	NA	16407	11639	17022	11978	NA	NA	NA	NA
SV	longphase_coh_sv	16	7	16554	12128	17196	12505	NA	NA	NA	NA	16554	11788	17196	12128	NA	NA	NA	NA
SV	longphase_coh_sv	16	8	16556	12018	17169	12383	NA	NA	NA	NA	16556	11670	17169	12010	NA	NA	NA	NA
SV	longphase_coh_sv	16	9	16470	12035	17064	12395	NA	NA	NA	NA	16470	11706	17064	12029	NA	NA	NA	NA
SV	longphase_coh_sv	16	10	16481	12008	17054	12348	NA	NA	NA	NA	16481	11682	17054	11985	NA	NA	NA	NA
SV	longphase_coh_sv	18	1	16736	12291	17349	12676	NA	NA	NA	NA	16736	11921	17349	12263	NA	NA	NA	NA
SV	longphase_coh_sv	18	2	16661	12259	17280	12648	NA	NA	NA	NA	16661	11929	17280	12291	NA	NA	NA	NA
SV	longphase_coh_sv	18	3	16733	12298	17355	12680	NA	NA	NA	NA	16733	12003	17355	12350	NA	NA	NA	NA
SV	longphase_coh_sv	18	4	16806	12275	17388	12642	NA	NA	NA	NA	16806	11954	17388	12296	NA	NA	NA	NA
SV	longphase_coh_sv	18	5	16681	12173	17299	12556	NA	NA	NA	NA	16681	11861	17299	12213	NA	NA	NA	NA
SV	longphase_coh_sv	18	6	16574	12192	17149	12526	NA	NA	NA	NA	16574	11839	17149	12142	NA	NA	NA	NA
SV	longphase_coh_sv	18	7	16821	12306	17422	12675	NA	NA	NA	NA	16821	11992	17422	12328	NA	NA	NA	NA
SV	longphase_coh_sv	18	8	16721	12320	17310	12682	NA	NA	NA	NA	16721	11993	17310	12315	NA	NA	NA	NA
SV	longphase_coh_sv	18	9	16724	12257	17321	12635	NA	NA	NA	NA	16724	11979	17321	12334	NA	NA	NA	NA
SV	longphase_coh_sv	18	10	16811	12325	17420	12692	NA	NA	NA	NA	16811	11985	17420	12315	NA	NA	NA	NA
SV	longphase_coh_sv	20	1	16826	12263	17461	12662	NA	NA	NA	NA	16826	11938	17461	12298	NA	NA	NA	NA
SV	longphase_coh_sv	20	2	16787	12371	17430	12741	NA	NA	NA	NA	16787	12098	17430	12442	NA	NA	NA	NA
SV	longphase_coh_sv	20	3	16924	12399	17519	12790	NA	NA	NA	NA	16924	12092	17519	12454	NA	NA	NA	NA
SV	longphase_coh_sv	20	4	16912	12363	17509	12737	NA	NA	NA	NA	16912	12048	17509	12388	NA	NA	NA	NA
SV	longphase_coh_sv	20	5	16959	12450	17553	12824	NA	NA	NA	NA	16959	12131	17553	12468	NA	NA	NA	NA
SV	longphase_coh_sv	20	6	16887	12428	17541	12832	NA	NA	NA	NA	16887	12129	17541	12504	NA	NA	NA	NA
SV	longphase_coh_sv	20	7	16813	12391	17426	12773	NA	NA	NA	NA	16813	12114	17426	12454	NA	NA	NA	NA
SV	longphase_coh_sv	20	8	16827	12316	17464	12705	NA	NA	NA	NA	16827	12031	17464	12387	NA	NA	NA	NA
SV	longphase_coh_sv	20	9	16881	12365	17495	12759	NA	NA	NA	NA	16881	12033	17495	12392	NA	NA	NA	NA
SV	longphase_coh_sv	20	10	16868	12327	17493	12711	NA	NA	NA	NA	16868	12021	17493	12370	NA	NA	NA	NA
SV	longphase_coh_sv	30	1	17170	12725	17804	13112	NA	NA	NA	NA	17170	12424	17804	12785	NA	NA	NA	NA
SV	longphase_coh_sv	40	1	17146	12733	17768	13085	NA	NA	NA	NA	17146	12465	17768	12794	NA	NA	NA	NA
SV	longphase_coh_sv	50	1	16986	12634	17605	12985	NA	NA	NA	NA	16986	12343	17605	12672	NA	NA	NA	NA
SV	longphase_coh_sv	60	1	16887	12557	17481	12883	NA	NA	NA	NA	16887	12210	17481	12522	NA	NA	NA	NA
Indel+SV	longphase_coh_indel_sv	10	1	14440	10160	14910	10440	NA	NA	NA	NA	14440	9745	14910	10007	NA	NA	NA	NA
Indel+SV	longphase_coh_indel_sv	10	2	14274	10026	14746	10317	NA	NA	NA	NA	14274	9614	14746	9886	NA	NA	NA	NA
Indel+SV	longphase_coh_indel_sv	10	3	14405	10122	14849	10401	NA	NA	NA	NA	14405	9688	14849	9928	NA	NA	NA	NA
Indel+SV	longphase_coh_indel_sv	10	4	14507	10150	14967	10445	NA	NA	NA	NA	14507	9726	14967	9992	NA	NA	NA	NA
Indel+SV	longphase_coh_indel_sv	10	5	14344	10071	14778	10345	NA	NA	NA	NA	14344	9647	14778	9902	NA	NA	NA	NA
Indel+SV	longphase_coh_indel_sv	10	6	14603	10293	15091	10577	NA	NA	NA	NA	14603	9885	15091	10134	NA	NA	NA	NA
Indel+SV	longphase_coh_indel_sv	10	7	14310	10080	14733	10344	NA	NA	NA	NA	14310	9664	14733	9907	NA	NA	NA	NA
Indel+SV	longphase_coh_indel_sv	10	8	14257	10062	14694	10335	NA	NA	NA	NA	14257	9681	14694	9931	NA	NA	NA	NA
Indel+SV	longphase_coh_indel_sv	10	9	14528	10233	15000	10538	NA	NA	NA	NA	14528	9797	15000	10077	NA	NA	NA	NA
Indel+SV	longphase_coh_indel_sv	10	10	14479	10253	14914	10539	NA	NA	NA	NA	14479	9811	14914	10073	NA	NA	NA	NA
Indel+SV	longphase_coh_indel_sv	12	1	15583	10878	16102	11189	NA	NA	NA	NA	15583	10446	16102	10730	NA	NA	NA	NA
Indel+SV	longphase_coh_indel_sv	12	2	15643	10863	16140	11173	NA	NA	NA	NA	15643	10443	16140	10702	NA	NA	NA	NA
Indel+SV	longphase_coh_indel_sv	12	3	15613	10838	16201	11201	NA	NA	NA	NA	15613	10479	16201	10780	NA	NA	NA	NA
Indel+SV	longphase_coh_indel_sv	12	4	15617	10853	16117	11190	NA	NA	NA	NA	15617	10426	16117	10722	NA	NA	NA	NA
Indel+SV	longphase_coh_indel_sv	12	5	15618	10876	16153	11203	NA	NA	NA	NA	15618	10442	16153	10730	NA	NA	NA	NA
Indel+SV	longphase_coh_indel_sv	12	6	15495	10814	16054	11153	NA	NA	NA	NA	15495	10406	16054	10708	NA	NA	NA	NA
Indel+SV	longphase_coh_indel_sv	12	7	15566	10832	16064	11145	NA	NA	NA	NA	15566	10456	16064	10737	NA	NA	NA	NA
Indel+SV	longphase_coh_indel_sv	12	8	15743	10953	16260	11289	NA	NA	NA	NA	15743	10516	16260	10802	NA	NA	NA	NA
Indel+SV	longphase_coh_indel_sv	12	9	15548	10861	16060	11188	NA	NA	NA	NA	15548	10486	16060	10771	NA	NA	NA	NA
Indel+SV	longphase_coh_indel_sv	12	10	15536	10902	16057	11231	NA	NA	NA	NA	15536	10486	16057	10786	NA	NA	NA	NA
Indel+SV	longphase_coh_indel_sv	14	1	16207	11323	16753	11643	NA	NA	NA	NA	16207	10936	16753	11203	NA	NA	NA	NA
Indel+SV	longphase_coh_indel_sv	14	2	16282	11250	16805	11565	NA	NA	NA	NA	16282	10818	16805	11097	NA	NA	NA	NA
Indel+SV	longphase_coh_indel_sv	14	3	16202	11337	16747	11681	NA	NA	NA	NA	16202	10942	16747	11241	NA	NA	NA	NA
Indel+SV	longphase_coh_indel_sv	14	4	16171	11256	16697	11578	NA	NA	NA	NA	16171	10834	16697	11111	NA	NA	NA	NA
Indel+SV	longphase_coh_indel_sv	14	5	16118	11200	16663	11527	NA	NA	NA	NA	16118	10789	16663	11067	NA	NA	NA	NA
Indel+SV	longphase_coh_indel_sv	14	6	16053	11148	16616	11503	NA	NA	NA	NA	16053	10740	16616	11031	NA	NA	NA	NA
Indel+SV	longphase_coh_indel_sv	14	7	16204	11306	16770	11652	NA	NA	NA	NA	16204	10928	16770	11220	NA	NA	NA	NA
Indel+SV	longphase_coh_indel_sv	14	8	16137	11268	16681	11604	NA	NA	NA	NA	16137	10898	16681	11195	NA	NA	NA	NA
Indel+SV	longphase_coh_indel_sv	14	9	16233	11129	16757	11457	NA	NA	NA	NA	16233	10761	16757	11043	NA	NA	NA	NA
Indel+SV	longphase_coh_indel_sv	14	10	16084	11232	16607	11561	NA	NA	NA	NA	16084	10842	16607	11122	NA	NA	NA	NA
Indel+SV	longphase_coh_indel_sv	16	1	16417	11364	17011	11742	NA	NA	NA	NA	16417	10968	17011	11299	NA	NA	NA	NA
Indel+SV	longphase_coh_indel_sv	16	2	16468	11386	17054	11738	NA	NA	NA	NA	16468	11029	17054	11328	NA	NA	NA	NA
Indel+SV	longphase_coh_indel_sv	16	3	16550	11394	17150	11788	NA	NA	NA	NA	16550	11020	17150	11365	NA	NA	NA	NA
Indel+SV	longphase_coh_indel_sv	16	4	16448	11344	17038	11706	NA	NA	NA	NA	16448	10989	17038	11299	NA	NA	NA	NA
Indel+SV	longphase_coh_indel_sv	16	5	16569	11495	17159	11856	NA	NA	NA	NA	16569	11115	17159	11433	NA	NA	NA	NA
Indel+SV	longphase_coh_indel_sv	16	6	16407	11347	17022	11713	NA	NA	NA	NA	16407	10950	17022	11264	NA	NA	NA	NA
Indel+SV	longphase_coh_indel_sv	16	7	16554	11495	17196	11868	NA	NA	NA	NA	16554	11138	17196	11451	NA	NA	NA	NA
Indel+SV	longphase_coh_indel_sv	16	8	16556	11337	17169	11707	NA	NA	NA	NA	16556	10942	17169	11258	NA	NA	NA	NA
Indel+SV	longphase_coh_indel_sv	16	9	16470	11397	17064	11762	NA	NA	NA	NA	16470	11032	17064	11337	NA	NA	NA	NA
Indel+SV	longphase_coh_indel_sv	16	10	16481	11357	17054	11706	NA	NA	NA	NA	16481	10957	17054	11244	NA	NA	NA	NA
Indel+SV	longphase_coh_indel_sv	18	1	16735	11562	17348	11948	NA	NA	NA	NA	16735	11208	17348	11531	NA	NA	NA	NA
Indel+SV	longphase_coh_indel_sv	18	2	16661	11509	17280	11888	NA	NA	NA	NA	16661	11148	17280	11486	NA	NA	NA	NA
Indel+SV	longphase_coh_indel_sv	18	3	16733	11511	17355	11896	NA	NA	NA	NA	16733	11182	17355	11515	NA	NA	NA	NA
Indel+SV	longphase_coh_indel_sv	18	4	16806	11521	17388	11884	NA	NA	NA	NA	16806	11131	17388	11451	NA	NA	NA	NA
Indel+SV	longphase_coh_indel_sv	18	5	16681	11451	17299	11824	NA	NA	NA	NA	16681	11102	17299	11417	NA	NA	NA	NA
Indel+SV	longphase_coh_indel_sv	18	6	16574	11438	17149	11769	NA	NA	NA	NA	16574	11084	17149	11365	NA	NA	NA	NA
Indel+SV	longphase_coh_indel_sv	18	7	16821	11581	17422	11927	NA	NA	NA	NA	16821	11232	17422	11524	NA	NA	NA	NA
Indel+SV	longphase_coh_indel_sv	18	8	16721	11565	17310	11921	NA	NA	NA	NA	16721	11195	17310	11493	NA	NA	NA	NA
Indel+SV	longphase_coh_indel_sv	18	9	16724	11500	17321	11882	NA	NA	NA	NA	16724	11196	17321	11523	NA	NA	NA	NA
Indel+SV	longphase_coh_indel_sv	18	10	16811	11540	17420	11895	NA	NA	NA	NA	16811	11158	17420	11453	NA	NA	NA	NA
Indel+SV	longphase_coh_indel_sv	20	1	16827	11472	17462	11871	NA	NA	NA	NA	16827	11109	17462	11433	NA	NA	NA	NA
Indel+SV	longphase_coh_indel_sv	20	2	16787	11617	17430	11973	NA	NA	NA	NA	16787	11282	17430	11586	NA	NA	NA	NA
Indel+SV	longphase_coh_indel_sv	20	3	16924	11652	17519	12053	NA	NA	NA	NA	16924	11320	17519	11649	NA	NA	NA	NA
Indel+SV	longphase_coh_indel_sv	20	4	16912	11552	17509	11929	NA	NA	NA	NA	16912	11233	17509	11564	NA	NA	NA	NA
Indel+SV	longphase_coh_indel_sv	20	5	16959	11658	17553	12025	NA	NA	NA	NA	16959	11310	17553	11634	NA	NA	NA	NA
Indel+SV	longphase_coh_indel_sv	20	6	16887	11652	17541	12047	NA	NA	NA	NA	16887	11325	17541	11687	NA	NA	NA	NA
Indel+SV	longphase_coh_indel_sv	20	7	16812	11598	17425	11976	NA	NA	NA	NA	16812	11291	17425	11592	NA	NA	NA	NA
Indel+SV	longphase_coh_indel_sv	20	8	16828	11514	17465	11894	NA	NA	NA	NA	16828	11176	17465	11508	NA	NA	NA	NA
Indel+SV	longphase_coh_indel_sv	20	9	16881	11609	17495	11990	NA	NA	NA	NA	16881	11224	17495	11541	NA	NA	NA	NA
Indel+SV	longphase_coh_indel_sv	20	10	16868	11518	17493	11895	NA	NA	NA	NA	16868	11213	17493	11536	NA	NA	NA	NA
Indel+SV	longphase_coh_indel_sv	30	1	17171	11807	17805	12189	NA	NA	NA	NA	17171	11481	17805	11810	NA	NA	NA	NA
Indel+SV	longphase_coh_indel_sv	40	1	17146	11744	17768	12092	NA	NA	NA	NA	17146	11451	17768	11773	NA	NA	NA	NA
Indel+SV	longphase_coh_indel_sv	50	1	16987	11647	17606	12017	NA	NA	NA	NA	16987	11350	17606	11689	NA	NA	NA	NA
Indel+SV	longphase_coh_indel_sv	60	1	16887	11579	17481	11919	NA	NA	NA	NA	16887	11218	17481	11533	NA	NA	NA	NA
Indel+Mod+SV	longphase_cophasing	10	1	14440	10154	14910	10433	283276	280645	284230	281593	14440	9811	14910	10072	283276	267836	284230	268724
Indel+Mod+SV	longphase_cophasing	10	2	14274	10033	14746	10324	282782	279951	283726	280882	14274	9656	14746	9928	282782	267185	283726	268037
Indel+Mod+SV	longphase_cophasing	10	3	14405	10120	14849	10397	284088	281391	284982	282273	14405	9767	14849	10008	284088	268574	284982	269410
Indel+Mod+SV	longphase_cophasing	10	4	14507	10148	14967	10441	282260	279849	283204	280781	14507	9758	14967	10030	282260	266900	283204	267787
Indel+Mod+SV	longphase_cophasing	10	5	14344	10075	14778	10349	282086	279289	283022	280224	14344	9700	14778	9957	282086	266325	283022	267215
Indel+Mod+SV	longphase_cophasing	10	6	14603	10280	15091	10564	282824	279940	283858	280972	14603	9944	15091	10192	282824	267169	283858	268158
Indel+Mod+SV	longphase_cophasing	10	7	14310	10080	14733	10343	281126	278118	282082	279045	14310	9702	14733	9944	281126	265571	282082	266468
Indel+Mod+SV	longphase_cophasing	10	8	14257	10064	14694	10336	282996	280253	283860	281111	14257	9727	14694	9978	282996	267356	283860	268172
Indel+Mod+SV	longphase_cophasing	10	9	14528	10247	15000	10552	283690	281081	284756	282134	14528	9840	15000	10120	283690	268168	284756	269180
Indel+Mod+SV	longphase_cophasing	10	10	14479	10240	14914	10527	284754	282092	285596	282922	14479	9869	14914	10132	284754	268982	285596	269783
Indel+Mod+SV	longphase_cophasing	12	1	15583	10879	16102	11190	363332	360014	364526	361203	15583	10512	16102	10795	363332	345418	364526	346577
Indel+Mod+SV	longphase_cophasing	12	2	15643	10880	16140	11190	358740	355831	359930	357008	15643	10546	16140	10806	358740	341611	359930	342730
Indel+Mod+SV	longphase_cophasing	12	3	15613	10835	16201	11201	359288	356339	360536	357572	15613	10514	16201	10819	359288	341945	360536	343123
Indel+Mod+SV	longphase_cophasing	12	4	15617	10864	16117	11201	362878	359534	364018	360666	15617	10508	16117	10805	362878	344801	364018	345880
Indel+Mod+SV	longphase_cophasing	12	5	15618	10880	16153	11208	358258	355288	359364	356379	15618	10520	16153	10809	358258	340382	359364	341420
Indel+Mod+SV	longphase_cophasing	12	6	15495	10819	16054	11158	357646	354502	358804	355658	15495	10454	16054	10757	357646	340340	358804	341438
Indel+Mod+SV	longphase_cophasing	12	7	15566	10816	16064	11130	360418	357302	361744	358612	15566	10489	16064	10773	360418	342957	361744	344195
Indel+Mod+SV	longphase_cophasing	12	8	15742	10956	16259	11293	362332	359158	363502	360295	15742	10572	16259	10861	362332	344262	363502	345325
Indel+Mod+SV	longphase_cophasing	12	9	15549	10850	16061	11178	356974	354177	358022	355209	15549	10539	16061	10823	356974	340029	358022	341009
Indel+Mod+SV	longphase_cophasing	12	10	15536	10882	16057	11211	359080	355890	360286	357076	15536	10537	16057	10839	359080	341385	360286	342518
Indel+Mod+SV	longphase_cophasing	14	1	16207	11325	16753	11645	406406	403106	407794	404480	16207	10985	16753	11255	406406	388711	407794	390030
Indel+Mod+SV	longphase_cophasing	14	2	16282	11238	16805	11553	407578	404135	408752	405284	16282	10873	16805	11152	407578	389658	408752	390725
Indel+Mod+SV	longphase_cophasing	14	3	16202	11340	16747	11684	409430	406356	410744	407655	16202	11000	16747	11299	409430	392392	410744	393637
Indel+Mod+SV	longphase_cophasing	14	4	16171	11268	16697	11589	408602	405440	409850	406666	16171	10920	16697	11197	408602	391185	409850	392354
Indel+Mod+SV	longphase_cophasing	14	5	16118	11200	16663	11526	407618	404423	408888	405668	16118	10868	16663	11146	407618	389673	408888	390869
Indel+Mod+SV	longphase_cophasing	14	6	16053	11143	16616	11498	403676	400460	405054	401829	16053	10812	16616	11105	403676	385657	405054	386968
Indel+Mod+SV	longphase_cophasing	14	7	16204	11324	16770	11669	408168	404646	409528	405964	16204	11002	16770	11293	408168	390506	409528	391788
Indel+Mod+SV	longphase_cophasing	14	8	16137	11269	16681	11605	404944	401825	406366	403227	16137	10959	16681	11255	404944	387534	406366	388910
Indel+Mod+SV	longphase_cophasing	14	9	16234	11128	16758	11456	406472	403397	407756	404667	16234	10833	16758	11116	406472	388794	407756	390028
Indel+Mod+SV	longphase_cophasing	14	10	16084	11235	16607	11564	404612	401239	405844	402454	16084	10911	16607	11194	404612	386730	405844	387899
Indel+Mod+SV	longphase_cophasing	16	1	16417	11382	17011	11759	428704	425840	429972	427085	16417	11063	17011	11394	428704	412935	429972	414121
Indel+Mod+SV	longphase_cophasing	16	2	16468	11375	17054	11727	430336	427149	431808	428596	16468	11077	17054	11374	430336	413561	431808	414958
Indel+Mod+SV	longphase_cophasing	16	3	16550	11400	17150	11794	429722	426186	431086	427505	16550	11102	17150	11446	429722	412985	431086	414224
Indel+Mod+SV	longphase_cophasing	16	4	16448	11350	17038	11712	430612	427412	431932	428716	16448	11040	17038	11353	430612	413568	431932	414803
Indel+Mod+SV	longphase_cophasing	16	5	16569	11486	17159	11848	430488	427034	431812	428327	16569	11157	17159	11476	430488	413906	431812	415162
Indel+Mod+SV	longphase_cophasing	16	6	16407	11337	17022	11703	430498	427223	431740	428457	16407	11019	17022	11337	430498	414243	431740	415437
Indel+Mod+SV	longphase_cophasing	16	7	16554	11496	17196	11868	431210	428094	432454	429328	16554	11190	17196	11503	431210	415233	432454	416417
Indel+Mod+SV	longphase_cophasing	16	8	16556	11341	17169	11713	432046	428697	433490	430109	16556	11027	17169	11348	432046	415507	433490	416835
Indel+Mod+SV	longphase_cophasing	16	9	16470	11410	17064	11775	430364	427338	431642	428614	16470	11077	17064	11384	430364	414179	431642	415398
Indel+Mod+SV	longphase_cophasing	16	10	16481	11356	17054	11705	431394	428404	433018	430020	16481	11023	17054	11311	431394	415269	433018	416853
Indel+Mod+SV	longphase_cophasing	18	1	16735	11561	17348	11948	440146	436978	441632	438448	16735	11279	17348	11605	440146	425143	441632	426529
Indel+Mod+SV	longphase_cophasing	18	2	16661	11516	17280	11893	442300	439053	443724	440468	16661	11203	17280	11537	442300	427324	443724	428678
Indel+Mod+SV	longphase_cophasing	18	3	16733	11517	17355	11899	442156	439244	443686	440732	16733	11264	17355	11593	442156	427624	443686	429063
Indel+Mod+SV	longphase_cophasing	18	4	16806	11522	17388	11886	443698	440530	445200	442020	16806	11194	17388	11514	443698	428659	445200	430110
Indel+Mod+SV	longphase_cophasing	18	5	16681	11443	17299	11816	442456	439216	443804	440539	16681	11164	17299	11480	442456	427522	443804	428807
Indel+Mod+SV	longphase_cophasing	18	6	16574	11449	17149	11780	442240	438907	443684	440345	16574	11165	17149	11450	442240	426786	443684	428162
Indel+Mod+SV	longphase_cophasing	18	7	16821	11586	17422	11933	443972	440969	445482	442453	16821	11299	17422	11591	443972	429202	445482	430637
Indel+Mod+SV	longphase_cophasing	18	8	16721	11556	17310	11913	443002	440046	444436	441454	16721	11254	17310	11557	443002	428020	444436	429370
Indel+Mod+SV	longphase_cophasing	18	9	16724	11497	17321	11879	444058	440737	445504	442163	16724	11254	17321	11584	444058	428677	445504	430048
Indel+Mod+SV	longphase_cophasing	18	10	16811	11556	17420	11912	442238	439309	443656	440706	16811	11237	17420	11533	442238	427471	443656	428838
Indel+Mod+SV	longphase_cophasing	20	1	16827	11491	17462	11890	449076	446044	450624	447570	16827	11192	17462	11513	449076	435384	450624	436829
Indel+Mod+SV	longphase_cophasing	20	2	16787	11615	17430	11972	449624	446746	451222	448330	16787	11336	17430	11641	449624	435696	451222	437208
Indel+Mod+SV	longphase_cophasing	20	3	16924	11654	17519	12053	450600	447668	452012	449059	16924	11374	17519	11706	450600	437422	452012	438775
Indel+Mod+SV	longphase_cophasing	20	4	16912	11558	17509	11935	449498	446677	451166	448319	16912	11262	17509	11593	449498	435963	451166	437551
Indel+Mod+SV	longphase_cophasing	20	5	16959	11642	17553	12010	450480	447329	452022	448856	16959	11354	17553	11680	450480	436597	452022	438084
Indel+Mod+SV	longphase_cophasing	20	6	16887	11640	17541	12035	451608	448717	453046	450143	16887	11355	17541	11718	451608	437466	453046	438831
Indel+Mod+SV	longphase_cophasing	20	7	16812	11611	17425	11990	449444	446762	450838	448130	16812	11342	17425	11644	449444	436030	450838	437364
Indel+Mod+SV	longphase_cophasing	20	8	16829	11515	17466	11895	451738	448645	453204	450093	16829	11227	17466	11561	451738	437705	453204	439122
Indel+Mod+SV	longphase_cophasing	20	9	16881	11609	17495	11990	452310	449279	453802	450747	16881	11312	17495	11628	452310	438406	453802	439757
Indel+Mod+SV	longphase_cophasing	20	10	16869	11528	17494	11904	450814	447848	452384	449409	16869	11253	17494	11575	450814	437279	452384	438775
Indel+Mod+SV	longphase_cophasing	30	1	17172	11807	17806	12187	472926	470073	474512	471632	17172	11508	17806	11835	472926	461429	474512	462940
Indel+Mod+SV	longphase_cophasing	40	1	17146	11752	17768	12101	483368	480670	485070	482333	17146	11484	17768	11807	483368	472824	485070	474435
Indel+Mod+SV	longphase_cophasing	50	1	16988	11643	17607	12012	492150	489090	493774	490699	16988	11364	17607	11699	492150	482133	493774	483709
Indel+Mod+SV	longphase_cophasing	60	1	16887	11578	17481	11918	497888	494690	499496	496254	16887	11253	17481	11569	497888	487912	499496	489441
