coverage	set	n	bin_start	bin_end	fraction
10x	lp_only_phase	125981	0	2	0.00000
10x	lp_only_phase	125981	2	4	0.00332
10x	lp_only_phase	125981	4	6	0.02526
10x	lp_only_phase	125981	6	8	0.07755
10x	lp_only_phase	125981	8	10	0.13399
10x	lp_only_phase	125981	10	12	0.14640
10x	lp_only_phase	125981	12	14	0.11401
10x	lp_only_phase	125981	14	16	0.08336
10x	lp_only_phase	125981	16	18	0.06298
10x	lp_only_phase	125981	18	20	0.04786
10x	lp_only_phase	125981	20	22	0.03766
10x	lp_only_phase	125981	22	24	0.03129
10x	lp_only_phase	125981	24	26	0.02564
10x	lp_only_phase	125981	26	28	0.02169
10x	lp_only_phase	125981	28	30	0.01949
10x	lp_only_phase	125981	30	32	0.01992
10x	lp_only_phase	125981	32	34	0.01811
10x	lp_only_phase	125981	34	36	0.01598
10x	lp_only_phase	125981	36	38	0.01225
10x	lp_only_phase	125981	38	40	0.01239
10x	lp_only_phase	125981	40	42	0.01246
10x	lp_only_phase	125981	42	44	0.00907
10x	lp_only_phase	125981	44	46	0.00660
10x	lp_only_phase	125981	46	48	0.00672
10x	lp_only_phase	125981	48	50	0.00564
10x	lp_only_phase	125981	50	52	0.00496
10x	lp_only_phase	125981	52	54	0.00363
10x	lp_only_phase	125981	54	56	0.00302
10x	lp_only_phase	125981	56	58	0.00281
10x	lp_only_phase	125981	58	60	0.00229
10x	lp_only_phase	125981	60	62	0.00203
10x	lp_only_phase	125981	62	64	0.00201
10x	lp_only_phase	125981	64	66	0.00189
10x	lp_only_phase	125981	66	68	0.00128
10x	lp_only_phase	125981	68	70	0.00140
10x	lp_only_phase	125981	70	72	0.00117
10x	lp_only_phase	125981	72	74	0.00143
10x	lp_only_phase	125981	74	76	0.00203
10x	lp_only_phase	125981	76	78	0.00145
10x	lp_only_phase	125981	78	80	0.00152
10x	lp_only_phase	125981	80	82	0.00152
10x	lp_only_phase	125981	82	84	0.00182
10x	lp_only_phase	125981	84	86	0.00143
10x	lp_only_phase	125981	86	88	0.00140
10x	lp_only_phase	125981	88	90	0.00096
10x	lp_only_phase	125981	90	92	0.00065
10x	lp_only_phase	125981	92	94	0.00054
10x	lp_only_phase	125981	94	96	0.00043
10x	lp_only_phase	125981	96	98	0.00037
10x	lp_only_phase	125981	98	100	0.00029
10x	lp_only_phase	125981	100	102	0.00022
10x	lp_only_phase	125981	102	104	0.00033
10x	lp_only_phase	125981	104	106	0.00035
10x	lp_only_phase	125981	106	108	0.00030
10x	lp_only_phase	125981	108	110	0.00033
10x	lp_only_phase	125981	110	112	0.00025
10x	lp_only_phase	125981	112	114	0.00027
10x	lp_only_phase	125981	114	116	0.00035
10x	lp_only_phase	125981	116	118	0.00021
10x	lp_only_phase	125981	118	120	0.00024
10x	lp_only_phase	125981	120	122	0.00022
10x	lp_only_phase	125981	122	124	0.00023
10x	lp_only_phase	125981	124		0.00475
10x	lp_only_gnn	22592	0	2	0.00000
10x	lp_only_gnn	22592	2	4	0.00527
10x	lp_only_gnn	22592	4	6	0.03129
10x	lp_only_gnn	22592	6	8	0.08330
10x	lp_only_gnn	22592	8	10	0.12429
10x	lp_only_gnn	22592	10	12	0.14124
10x	lp_only_gnn	22592	12	14	0.11668
10x	lp_only_gnn	22592	14	16	0.08782
10x	lp_only_gnn	22592	16	18	0.06299
10x	lp_only_gnn	22592	18	20	0.04302
10x	lp_only_gnn	22592	20	22	0.03329
10x	lp_only_gnn	22592	22	24	0.02851
10x	lp_only_gnn	22592	24	26	0.02527
10x	lp_only_gnn	22592	26	28	0.01912
10x	lp_only_gnn	22592	28	30	0.01713
10x	lp_only_gnn	22592	30	32	0.01580
10x	lp_only_gnn	22592	32	34	0.01917
10x	lp_only_gnn	22592	34	36	0.01443
10x	lp_only_gnn	22592	36	38	0.00974
10x	lp_only_gnn	22592	38	40	0.01231
10x	lp_only_gnn	22592	40	42	0.01080
10x	lp_only_gnn	22592	42	44	0.00819
10x	lp_only_gnn	22592	44	46	0.00677
10x	lp_only_gnn	22592	46	48	0.00580
10x	lp_only_gnn	22592	48	50	0.00699
10x	lp_only_gnn	22592	50	52	0.00567
10x	lp_only_gnn	22592	52	54	0.00412
10x	lp_only_gnn	22592	54	56	0.00363
10x	lp_only_gnn	22592	56	58	0.00248
10x	lp_only_gnn	22592	58	60	0.00332
10x	lp_only_gnn	22592	60	62	0.00235
10x	lp_only_gnn	22592	62	64	0.00150
10x	lp_only_gnn	22592	64	66	0.00226
10x	lp_only_gnn	22592	66	68	0.00159
10x	lp_only_gnn	22592	68	70	0.00173
10x	lp_only_gnn	22592	70	72	0.00301
10x	lp_only_gnn	22592	72	74	0.00208
10x	lp_only_gnn	22592	74	76	0.00235
10x	lp_only_gnn	22592	76	78	0.00199
10x	lp_only_gnn	22592	78	80	0.00217
10x	lp_only_gnn	22592	80	82	0.00283
10x	lp_only_gnn	22592	82	84	0.00226
10x	lp_only_gnn	22592	84	86	0.00150
10x	lp_only_gnn	22592	86	88	0.00133
10x	lp_only_gnn	22592	88	90	0.00137
10x	lp_only_gnn	22592	90	92	0.00102
10x	lp_only_gnn	22592	92	94	0.00097
10x	lp_only_gnn	22592	94	96	0.00058
10x	lp_only_gnn	22592	96	98	0.00027
10x	lp_only_gnn	22592	98	100	0.00040
10x	lp_only_gnn	22592	100	102	0.00031
10x	lp_only_gnn	22592	102	104	0.00062
10x	lp_only_gnn	22592	104	106	0.00093
10x	lp_only_gnn	22592	106	108	0.00062
10x	lp_only_gnn	22592	108	110	0.00040
10x	lp_only_gnn	22592	110	112	0.00031
10x	lp_only_gnn	22592	112	114	0.00027
10x	lp_only_gnn	22592	114	116	0.00022
10x	lp_only_gnn	22592	116	118	0.00035
10x	lp_only_gnn	22592	118	120	0.00053
10x	lp_only_gnn	22592	120	122	0.00031
10x	lp_only_gnn	22592	122	124	0.00040
10x	lp_only_gnn	22592	124		0.01275
10x	lp_only	148573	0	2	0.00000
10x	lp_only	148573	2	4	0.00361
10x	lp_only	148573	4	6	0.02618
10x	lp_only	148573	6	8	0.07843
10x	lp_only	148573	8	10	0.13251
10x	lp_only	148573	10	12	0.14561
10x	lp_only	148573	12	14	0.11442
10x	lp_only	148573	14	16	0.08404
10x	lp_only	148573	16	18	0.06298
10x	lp_only	148573	18	20	0.04712
10x	lp_only	148573	20	22	0.03700
10x	lp_only	148573	22	24	0.03087
10x	lp_only	148573	24	26	0.02558
10x	lp_only	148573	26	28	0.02130
10x	lp_only	148573	28	30	0.01913
10x	lp_only	148573	30	32	0.01930
10x	lp_only	148573	32	34	0.01827
10x	lp_only	148573	34	36	0.01574
10x	lp_only	148573	36	38	0.01187
10x	lp_only	148573	38	40	0.01238
10x	lp_only	148573	40	42	0.01221
10x	lp_only	148573	42	44	0.00894
10x	lp_only	148573	44	46	0.00662
10x	lp_only	148573	46	48	0.00658
10x	lp_only	148573	48	50	0.00585
10x	lp_only	148573	50	52	0.00507
10x	lp_only	148573	52	54	0.00370
10x	lp_only	148573	54	56	0.00311
10x	lp_only	148573	56	58	0.00276
10x	lp_only	148573	58	60	0.00244
10x	lp_only	148573	60	62	0.00208
10x	lp_only	148573	62	64	0.00193
10x	lp_only	148573	64	66	0.00195
10x	lp_only	148573	66	68	0.00133
10x	lp_only	148573	68	70	0.00145
10x	lp_only	148573	70	72	0.00145
10x	lp_only	148573	72	74	0.00153
10x	lp_only	148573	74	76	0.00208
10x	lp_only	148573	76	78	0.00153
10x	lp_only	148573	78	80	0.00162
10x	lp_only	148573	80	82	0.00172
10x	lp_only	148573	82	84	0.00188
10x	lp_only	148573	84	86	0.00144
10x	lp_only	148573	86	88	0.00139
10x	lp_only	148573	88	90	0.00102
10x	lp_only	148573	90	92	0.00071
10x	lp_only	148573	92	94	0.00061
10x	lp_only	148573	94	96	0.00045
10x	lp_only	148573	96	98	0.00035
10x	lp_only	148573	98	100	0.00031
10x	lp_only	148573	100	102	0.00024
10x	lp_only	148573	102	104	0.00037
10x	lp_only	148573	104	106	0.00044
10x	lp_only	148573	106	108	0.00035
10x	lp_only	148573	108	110	0.00034
10x	lp_only	148573	110	112	0.00026
10x	lp_only	148573	112	114	0.00027
10x	lp_only	148573	114	116	0.00033
10x	lp_only	148573	116	118	0.00023
10x	lp_only	148573	118	120	0.00028
10x	lp_only	148573	120	122	0.00024
10x	lp_only	148573	122	124	0.00026
10x	lp_only	148573	124		0.00596
10x	wh_only	37676	0	2	0.00000
10x	wh_only	37676	2	4	0.02336
10x	wh_only	37676	4	6	0.05853
10x	wh_only	37676	6	8	0.07976
10x	wh_only	37676	8	10	0.09629
10x	wh_only	37676	10	12	0.08618
10x	wh_only	37676	12	14	0.08180
10x	wh_only	37676	14	16	0.08135
10x	wh_only	37676	16	18	0.07557
10x	wh_only	37676	18	20	0.05653
10x	wh_only	37676	20	22	0.04780
10x	wh_only	37676	22	24	0.03782
10x	wh_only	37676	24	26	0.02965
10x	wh_only	37676	26	28	0.02551
10x	wh_only	37676	28	30	0.02041
10x	wh_only	37676	30	32	0.01842
10x	wh_only	37676	32	34	0.01417
10x	wh_only	37676	34	36	0.01407
10x	wh_only	37676	36	38	0.01423
10x	wh_only	37676	38	40	0.01383
10x	wh_only	37676	40	42	0.01388
10x	wh_only	37676	42	44	0.01202
10x	wh_only	37676	44	46	0.01149
10x	wh_only	37676	46	48	0.00942
10x	wh_only	37676	48	50	0.00881
10x	wh_only	37676	50	52	0.00865
10x	wh_only	37676	52	54	0.00661
10x	wh_only	37676	54	56	0.00658
10x	wh_only	37676	56	58	0.00340
10x	wh_only	37676	58	60	0.00305
10x	wh_only	37676	60	62	0.00326
10x	wh_only	37676	62	64	0.00595
10x	wh_only	37676	64	66	0.00406
10x	wh_only	37676	66	68	0.00271
10x	wh_only	37676	68	70	0.00138
10x	wh_only	37676	70	72	0.00236
10x	wh_only	37676	72	74	0.00242
10x	wh_only	37676	74	76	0.00143
10x	wh_only	37676	76	78	0.00090
10x	wh_only	37676	78	80	0.00165
10x	wh_only	37676	80	82	0.00146
10x	wh_only	37676	82	84	0.00074
10x	wh_only	37676	84	86	0.00082
10x	wh_only	37676	86	88	0.00090
10x	wh_only	37676	88	90	0.00045
10x	wh_only	37676	90	92	0.00037
10x	wh_only	37676	92	94	0.00042
10x	wh_only	37676	94	96	0.00032
10x	wh_only	37676	96	98	0.00040
10x	wh_only	37676	98	100	0.00061
10x	wh_only	37676	100	102	0.00029
10x	wh_only	37676	102	104	0.00040
10x	wh_only	37676	104	106	0.00048
10x	wh_only	37676	106	108	0.00021
10x	wh_only	37676	108	110	0.00029
10x	wh_only	37676	110	112	0.00027
10x	wh_only	37676	112	114	0.00021
10x	wh_only	37676	114	116	0.00011
10x	wh_only	37676	116	118	0.00016
10x	wh_only	37676	118	120	0.00008
10x	wh_only	37676	120	122	0.00019
10x	wh_only	37676	122	124	0.00016
10x	wh_only	37676	124		0.00533
10x	both	90210	0	2	0.00000
10x	both	90210	2	4	0.01830
10x	both	90210	4	6	0.06585
10x	both	90210	6	8	0.10994
10x	both	90210	8	10	0.12435
10x	both	90210	10	12	0.11482
10x	both	90210	12	14	0.09363
10x	both	90210	14	16	0.07180
10x	both	90210	16	18	0.06228
10x	both	90210	18	20	0.04625
10x	both	90210	20	22	0.04036
10x	both	90210	22	24	0.03230
10x	both	90210	24	26	0.02403
10x	both	90210	26	28	0.01705
10x	both	90210	28	30	0.01805
10x	both	90210	30	32	0.01724
10x	both	90210	32	34	0.01610
10x	both	90210	34	36	0.01510
10x	both	90210	36	38	0.01479
10x	both	90210	38	40	0.01157
10x	both	90210	40	42	0.01021
10x	both	90210	42	44	0.00855
10x	both	90210	44	46	0.00619
10x	both	90210	46	48	0.00571
10x	both	90210	48	50	0.00547
10x	both	90210	50	52	0.00550
10x	both	90210	52	54	0.00411
10x	both	90210	54	56	0.00290
10x	both	90210	56	58	0.00280
10x	both	90210	58	60	0.00280
10x	both	90210	60	62	0.00306
10x	both	90210	62	64	0.00296
10x	both	90210	64	66	0.00219
10x	both	90210	66	68	0.00181
10x	both	90210	68	70	0.00142
10x	both	90210	70	72	0.00145
10x	both	90210	72	74	0.00181
10x	both	90210	74	76	0.00142
10x	both	90210	76	78	0.00147
10x	both	90210	78	80	0.00133
10x	both	90210	80	82	0.00109
10x	both	90210	82	84	0.00085
10x	both	90210	84	86	0.00083
10x	both	90210	86	88	0.00070
10x	both	90210	88	90	0.00050
10x	both	90210	90	92	0.00050
10x	both	90210	92	94	0.00048
10x	both	90210	94	96	0.00058
10x	both	90210	96	98	0.00030
10x	both	90210	98	100	0.00038
10x	both	90210	100	102	0.00039
10x	both	90210	102	104	0.00031
10x	both	90210	104	106	0.00032
10x	both	90210	106	108	0.00027
10x	both	90210	108	110	0.00027
10x	both	90210	110	112	0.00042
10x	both	90210	112	114	0.00025
10x	both	90210	114	116	0.00020
10x	both	90210	116	118	0.00028
10x	both	90210	118	120	0.00027
10x	both	90210	120	122	0.00021
10x	both	90210	122	124	0.00019
10x	both	90210	124		0.00347
30x	lp_only_phase	111718	0	2	0.00000
30x	lp_only_phase	111718	2	4	0.00081
30x	lp_only_phase	111718	4	6	0.00429
30x	lp_only_phase	111718	6	8	0.00637
30x	lp_only_phase	111718	8	10	0.01343
30x	lp_only_phase	111718	10	12	0.01746
30x	lp_only_phase	111718	12	14	0.02197
30x	lp_only_phase	111718	14	16	0.02152
30x	lp_only_phase	111718	16	18	0.02451
30x	lp_only_phase	111718	18	20	0.02717
30x	lp_only_phase	111718	20	22	0.02853
30x	lp_only_phase	111718	22	24	0.02545
30x	lp_only_phase	111718	24	26	0.02771
30x	lp_only_phase	111718	26	28	0.03075
30x	lp_only_phase	111718	28	30	0.03598
30x	lp_only_phase	111718	30	32	0.03761
30x	lp_only_phase	111718	32	34	0.03860
30x	lp_only_phase	111718	34	36	0.03631
30x	lp_only_phase	111718	36	38	0.03362
30x	lp_only_phase	111718	38	40	0.03360
30x	lp_only_phase	111718	40	42	0.03410
30x	lp_only_phase	111718	42	44	0.02992
30x	lp_only_phase	111718	44	46	0.02550
30x	lp_only_phase	111718	46	48	0.02687
30x	lp_only_phase	111718	48	50	0.02524
30x	lp_only_phase	111718	50	52	0.02325
30x	lp_only_phase	111718	52	54	0.02212
30x	lp_only_phase	111718	54	56	0.02192
30x	lp_only_phase	111718	56	58	0.01954
30x	lp_only_phase	111718	58	60	0.01924
30x	lp_only_phase	111718	60	62	0.02027
30x	lp_only_phase	111718	62	64	0.01976
30x	lp_only_phase	111718	64	66	0.01599
30x	lp_only_phase	111718	66	68	0.01488
30x	lp_only_phase	111718	68	70	0.01222
30x	lp_only_phase	111718	70	72	0.01206
30x	lp_only_phase	111718	72	74	0.01461
30x	lp_only_phase	111718	74	76	0.01293
30x	lp_only_phase	111718	76	78	0.01133
30x	lp_only_phase	111718	78	80	0.01056
30x	lp_only_phase	111718	80	82	0.00972
30x	lp_only_phase	111718	82	84	0.00879
30x	lp_only_phase	111718	84	86	0.00854
30x	lp_only_phase	111718	86	88	0.00766
30x	lp_only_phase	111718	88	90	0.00781
30x	lp_only_phase	111718	90	92	0.00627
30x	lp_only_phase	111718	92	94	0.00484
30x	lp_only_phase	111718	94	96	0.00441
30x	lp_only_phase	111718	96	98	0.00495
30x	lp_only_phase	111718	98	100	0.00449
30x	lp_only_phase	111718	100	102	0.00413
30x	lp_only_phase	111718	102	104	0.00450
30x	lp_only_phase	111718	104	106	0.00474
30x	lp_only_phase	111718	106	108	0.00396
30x	lp_only_phase	111718	108	110	0.00344
30x	lp_only_phase	111718	110	112	0.00322
30x	lp_only_phase	111718	112	114	0.00264
30x	lp_only_phase	111718	114	116	0.00277
30x	lp_only_phase	111718	116	118	0.00246
30x	lp_only_phase	111718	118	120	0.00223
30x	lp_only_phase	111718	120	122	0.00175
30x	lp_only_phase	111718	122	124	0.00150
30x	lp_only_phase	111718	124		0.03720
30x	lp_only_gnn	20720	0	2	0.00000
30x	lp_only_gnn	20720	2	4	0.00251
30x	lp_only_gnn	20720	4	6	0.01052
30x	lp_only_gnn	20720	6	8	0.02292
30x	lp_only_gnn	20720	8	10	0.03764
30x	lp_only_gnn	20720	10	12	0.03374
30x	lp_only_gnn	20720	12	14	0.04513
30x	lp_only_gnn	20720	14	16	0.04812
30x	lp_only_gnn	20720	16	18	0.04957
30x	lp_only_gnn	20720	18	20	0.04233
30x	lp_only_gnn	20720	20	22	0.04049
30x	lp_only_gnn	20720	22	24	0.02983
30x	lp_only_gnn	20720	24	26	0.02958
30x	lp_only_gnn	20720	26	28	0.03065
30x	lp_only_gnn	20720	28	30	0.02852
30x	lp_only_gnn	20720	30	32	0.03156
30x	lp_only_gnn	20720	32	34	0.02592
30x	lp_only_gnn	20720	34	36	0.02375
30x	lp_only_gnn	20720	36	38	0.02254
30x	lp_only_gnn	20720	38	40	0.02177
30x	lp_only_gnn	20720	40	42	0.01819
30x	lp_only_gnn	20720	42	44	0.01781
30x	lp_only_gnn	20720	44	46	0.01844
30x	lp_only_gnn	20720	46	48	0.01815
30x	lp_only_gnn	20720	48	50	0.01680
30x	lp_only_gnn	20720	50	52	0.01689
30x	lp_only_gnn	20720	52	54	0.01569
30x	lp_only_gnn	20720	54	56	0.01400
30x	lp_only_gnn	20720	56	58	0.01380
30x	lp_only_gnn	20720	58	60	0.01491
30x	lp_only_gnn	20720	60	62	0.01429
30x	lp_only_gnn	20720	62	64	0.01081
30x	lp_only_gnn	20720	64	66	0.01414
30x	lp_only_gnn	20720	66	68	0.01158
30x	lp_only_gnn	20720	68	70	0.01004
30x	lp_only_gnn	20720	70	72	0.00946
30x	lp_only_gnn	20720	72	74	0.00724
30x	lp_only_gnn	20720	74	76	0.00806
30x	lp_only_gnn	20720	76	78	0.00714
30x	lp_only_gnn	20720	78	80	0.00647
30x	lp_only_gnn	20720	80	82	0.00555
30x	lp_only_gnn	20720	82	84	0.00632
30x	lp_only_gnn	20720	84	86	0.00618
30x	lp_only_gnn	20720	86	88	0.00666
30x	lp_only_gnn	20720	88	90	0.00608
30x	lp_only_gnn	20720	90	92	0.00560
30x	lp_only_gnn	20720	92	94	0.00449
30x	lp_only_gnn	20720	94	96	0.00372
30x	lp_only_gnn	20720	96	98	0.00458
30x	lp_only_gnn	20720	98	100	0.00439
30x	lp_only_gnn	20720	100	102	0.00507
30x	lp_only_gnn	20720	102	104	0.00381
30x	lp_only_gnn	20720	104	106	0.00410
30x	lp_only_gnn	20720	106	108	0.00343
30x	lp_only_gnn	20720	108	110	0.00208
30x	lp_only_gnn	20720	110	112	0.00285
30x	lp_only_gnn	20720	112	114	0.00203
30x	lp_only_gnn	20720	114	116	0.00169
30x	lp_only_gnn	20720	116	118	0.00198
30x	lp_only_gnn	20720	118	120	0.00174
30x	lp_only_gnn	20720	120	122	0.00179
30x	lp_only_gnn	20720	122	124	0.00193
30x	lp_only_gnn	20720	124		0.07297
30x	lp_only	132438	0	2	0.00000
30x	lp_only	132438	2	4	0.00107
30x	lp_only	132438	4	6	0.00526
30x	lp_only	132438	6	8	0.00896
30x	lp_only	132438	8	10	0.01722
30x	lp_only	132438	10	12	0.02001
30x	lp_only	132438	12	14	0.02560
30x	lp_only	132438	14	16	0.02568
30x	lp_only	132438	16	18	0.02843
30x	lp_only	132438	18	20	0.02954
30x	lp_only	132438	20	22	0.03040
30x	lp_only	132438	22	24	0.02613
30x	lp_only	132438	24	26	0.02801
30x	lp_only	132438	26	28	0.03073
30x	lp_only	132438	28	30	0.03482
30x	lp_only	132438	30	32	0.03667
30x	lp_only	132438	32	34	0.03661
30x	lp_only	132438	34	36	0.03435
30x	lp_only	132438	36	38	0.03189
30x	lp_only	132438	38	40	0.03175
30x	lp_only	132438	40	42	0.03161
30x	lp_only	132438	42	44	0.02803
30x	lp_only	132438	44	46	0.02440
30x	lp_only	132438	46	48	0.02551
30x	lp_only	132438	48	50	0.02392
30x	lp_only	132438	50	52	0.02225
30x	lp_only	132438	52	54	0.02111
30x	lp_only	132438	54	56	0.02068
30x	lp_only	132438	56	58	0.01864
30x	lp_only	132438	58	60	0.01856
30x	lp_only	132438	60	62	0.01934
30x	lp_only	132438	62	64	0.01836
30x	lp_only	132438	64	66	0.01570
30x	lp_only	132438	66	68	0.01436
30x	lp_only	132438	68	70	0.01188
30x	lp_only	132438	70	72	0.01165
30x	lp_only	132438	72	74	0.01346
30x	lp_only	132438	74	76	0.01216
30x	lp_only	132438	76	78	0.01068
30x	lp_only	132438	78	80	0.00992
30x	lp_only	132438	80	82	0.00907
30x	lp_only	132438	82	84	0.00840
30x	lp_only	132438	84	86	0.00817
30x	lp_only	132438	86	88	0.00751
30x	lp_only	132438	88	90	0.00754
30x	lp_only	132438	90	92	0.00616
30x	lp_only	132438	92	94	0.00479
30x	lp_only	132438	94	96	0.00430
30x	lp_only	132438	96	98	0.00489
30x	lp_only	132438	98	100	0.00448
30x	lp_only	132438	100	102	0.00427
30x	lp_only	132438	102	104	0.00439
30x	lp_only	132438	104	106	0.00464
30x	lp_only	132438	106	108	0.00387
30x	lp_only	132438	108	110	0.00322
30x	lp_only	132438	110	112	0.00316
30x	lp_only	132438	112	114	0.00254
30x	lp_only	132438	114	116	0.00260
30x	lp_only	132438	116	118	0.00239
30x	lp_only	132438	118	120	0.00215
30x	lp_only	132438	120	122	0.00175
30x	lp_only	132438	122	124	0.00157
30x	lp_only	132438	124		0.04280
30x	wh_only	52152	0	2	0.00000
30x	wh_only	52152	2	4	0.01592
30x	wh_only	52152	4	6	0.03538
30x	wh_only	52152	6	8	0.04945
30x	wh_only	52152	8	10	0.06548
30x	wh_only	52152	10	12	0.10531
30x	wh_only	52152	12	14	0.10661
30x	wh_only	52152	14	16	0.08863
30x	wh_only	52152	16	18	0.07702
30x	wh_only	52152	18	20	0.05649
30x	wh_only	52152	20	22	0.04236
30x	wh_only	52152	22	24	0.03486
30x	wh_only	52152	24	26	0.03227
30x	wh_only	52152	26	28	0.02452
30x	wh_only	52152	28	30	0.02382
30x	wh_only	52152	30	32	0.01979
30x	wh_only	52152	32	34	0.01772
30x	wh_only	52152	34	36	0.01519
30x	wh_only	52152	36	38	0.01371
30x	wh_only	52152	38	40	0.01254
30x	wh_only	52152	40	42	0.01032
30x	wh_only	52152	42	44	0.01012
30x	wh_only	52152	44	46	0.01103
30x	wh_only	52152	46	48	0.01093
30x	wh_only	52152	48	50	0.00846
30x	wh_only	52152	50	52	0.00805
30x	wh_only	52152	52	54	0.00861
30x	wh_only	52152	54	56	0.00784
30x	wh_only	52152	56	58	0.00654
30x	wh_only	52152	58	60	0.00704
30x	wh_only	52152	60	62	0.00606
30x	wh_only	52152	62	64	0.00493
30x	wh_only	52152	64	66	0.00493
30x	wh_only	52152	66	68	0.00408
30x	wh_only	52152	68	70	0.00395
30x	wh_only	52152	70	72	0.00357
30x	wh_only	52152	72	74	0.00412
30x	wh_only	52152	74	76	0.00397
30x	wh_only	52152	76	78	0.00453
30x	wh_only	52152	78	80	0.00255
30x	wh_only	52152	80	82	0.00221
30x	wh_only	52152	82	84	0.00196
30x	wh_only	52152	84	86	0.00138
30x	wh_only	52152	86	88	0.00150
30x	wh_only	52152	88	90	0.00109
30x	wh_only	52152	90	92	0.00161
30x	wh_only	52152	92	94	0.00203
30x	wh_only	52152	94	96	0.00127
30x	wh_only	52152	96	98	0.00094
30x	wh_only	52152	98	100	0.00092
30x	wh_only	52152	100	102	0.00058
30x	wh_only	52152	102	104	0.00090
30x	wh_only	52152	104	106	0.00079
30x	wh_only	52152	106	108	0.00081
30x	wh_only	52152	108	110	0.00067
30x	wh_only	52152	110	112	0.00090
30x	wh_only	52152	112	114	0.00052
30x	wh_only	52152	114	116	0.00079
30x	wh_only	52152	116	118	0.00061
30x	wh_only	52152	118	120	0.00059
30x	wh_only	52152	120	122	0.00063
30x	wh_only	52152	122	124	0.00036
30x	wh_only	52152	124		0.00828
30x	both	96839	0	2	0.00000
30x	both	96839	2	4	0.01083
30x	both	96839	4	6	0.03214
30x	both	96839	6	8	0.05563
30x	both	96839	8	10	0.07424
30x	both	96839	10	12	0.09238
30x	both	96839	12	14	0.09872
30x	both	96839	14	16	0.08465
30x	both	96839	16	18	0.07020
30x	both	96839	18	20	0.06326
30x	both	96839	20	22	0.04486
30x	both	96839	22	24	0.03707
30x	both	96839	24	26	0.03344
30x	both	96839	26	28	0.03004
30x	both	96839	28	30	0.02514
30x	both	96839	30	32	0.02327
30x	both	96839	32	34	0.02164
30x	both	96839	34	36	0.01665
30x	both	96839	36	38	0.01608
30x	both	96839	38	40	0.01481
30x	both	96839	40	42	0.01199
30x	both	96839	42	44	0.01161
30x	both	96839	44	46	0.01029
30x	both	96839	46	48	0.00869
30x	both	96839	48	50	0.00856
30x	both	96839	50	52	0.00730
30x	both	96839	52	54	0.00664
30x	both	96839	54	56	0.00535
30x	both	96839	56	58	0.00512
30x	both	96839	58	60	0.00508
30x	both	96839	60	62	0.00483
30x	both	96839	62	64	0.00472
30x	both	96839	64	66	0.00474
30x	both	96839	66	68	0.00399
30x	both	96839	68	70	0.00401
30x	both	96839	70	72	0.00341
30x	both	96839	72	74	0.00317
30x	both	96839	74	76	0.00336
30x	both	96839	76	78	0.00270
30x	both	96839	78	80	0.00243
30x	both	96839	80	82	0.00230
30x	both	96839	82	84	0.00213
30x	both	96839	84	86	0.00172
30x	both	96839	86	88	0.00169
30x	both	96839	88	90	0.00200
30x	both	96839	90	92	0.00176
30x	both	96839	92	94	0.00131
30x	both	96839	94	96	0.00149
30x	both	96839	96	98	0.00146
30x	both	96839	98	100	0.00106
30x	both	96839	100	102	0.00106
30x	both	96839	102	104	0.00103
30x	both	96839	104	106	0.00096
30x	both	96839	106	108	0.00103
30x	both	96839	108	110	0.00101
30x	both	96839	110	112	0.00109
30x	both	96839	112	114	0.00080
30x	both	96839	114	116	0.00080
30x	both	96839	116	118	0.00087
30x	both	96839	118	120	0.00058
30x	both	96839	120	122	0.00054
30x	both	96839	122	124	0.00060
30x	both	96839	124		0.00971
60x	lp_only_phase	99813	0	2	0.00000
60x	lp_only_phase	99813	2	4	0.00059
60x	lp_only_phase	99813	4	6	0.00312
60x	lp_only_phase	99813	6	8	0.00549
60x	lp_only_phase	99813	8	10	0.01155
60x	lp_only_phase	99813	10	12	0.01212
60x	lp_only_phase	99813	12	14	0.01607
60x	lp_only_phase	99813	14	16	0.01692
60x	lp_only_phase	99813	16	18	0.01628
60x	lp_only_phase	99813	18	20	0.01475
60x	lp_only_phase	99813	20	22	0.01551
60x	lp_only_phase	99813	22	24	0.01416
60x	lp_only_phase	99813	24	26	0.01183
60x	lp_only_phase	99813	26	28	0.01224
60x	lp_only_phase	99813	28	30	0.01179
60x	lp_only_phase	99813	30	32	0.01442
60x	lp_only_phase	99813	32	34	0.01525
60x	lp_only_phase	99813	34	36	0.01365
60x	lp_only_phase	99813	36	38	0.01197
60x	lp_only_phase	99813	38	40	0.01235
60x	lp_only_phase	99813	40	42	0.01151
60x	lp_only_phase	99813	42	44	0.01430
60x	lp_only_phase	99813	44	46	0.01469
60x	lp_only_phase	99813	46	48	0.01531
60x	lp_only_phase	99813	48	50	0.01678
60x	lp_only_phase	99813	50	52	0.01813
60x	lp_only_phase	99813	52	54	0.02091
60x	lp_only_phase	99813	54	56	0.02201
60x	lp_only_phase	99813	56	58	0.02461
60x	lp_only_phase	99813	58	60	0.02624
60x	lp_only_phase	99813	60	62	0.02712
60x	lp_only_phase	99813	62	64	0.02624
60x	lp_only_phase	99813	64	66	0.02595
60x	lp_only_phase	99813	66	68	0.02502
60x	lp_only_phase	99813	68	70	0.02297
60x	lp_only_phase	99813	70	72	0.02228
60x	lp_only_phase	99813	72	74	0.02161
60x	lp_only_phase	99813	74	76	0.01986
60x	lp_only_phase	99813	76	78	0.01766
60x	lp_only_phase	99813	78	80	0.01521
60x	lp_only_phase	99813	80	82	0.01492
60x	lp_only_phase	99813	82	84	0.01318
60x	lp_only_phase	99813	84	86	0.01177
60x	lp_only_phase	99813	86	88	0.01190
60x	lp_only_phase	99813	88	90	0.01175
60x	lp_only_phase	99813	90	92	0.00983
60x	lp_only_phase	99813	92	94	0.00960
60x	lp_only_phase	99813	94	96	0.00968
60x	lp_only_phase	99813	96	98	0.00900
60x	lp_only_phase	99813	98	100	0.00818
60x	lp_only_phase	99813	100	102	0.00835
60x	lp_only_phase	99813	102	104	0.00772
60x	lp_only_phase	99813	104	106	0.00677
60x	lp_only_phase	99813	106	108	0.00764
60x	lp_only_phase	99813	108	110	0.00692
60x	lp_only_phase	99813	110	112	0.00838
60x	lp_only_phase	99813	112	114	0.00918
60x	lp_only_phase	99813	114	116	0.00820
60x	lp_only_phase	99813	116	118	0.00841
60x	lp_only_phase	99813	118	120	0.00843
60x	lp_only_phase	99813	120	122	0.00723
60x	lp_only_phase	99813	122	124	0.00700
60x	lp_only_phase	99813	124		0.15750
60x	lp_only_gnn	22178	0	2	0.00000
60x	lp_only_gnn	22178	2	4	0.00189
60x	lp_only_gnn	22178	4	6	0.00586
60x	lp_only_gnn	22178	6	8	0.01511
60x	lp_only_gnn	22178	8	10	0.02417
60x	lp_only_gnn	22178	10	12	0.02998
60x	lp_only_gnn	22178	12	14	0.03156
60x	lp_only_gnn	22178	14	16	0.03589
60x	lp_only_gnn	22178	16	18	0.03454
60x	lp_only_gnn	22178	18	20	0.03075
60x	lp_only_gnn	22178	20	22	0.02809
60x	lp_only_gnn	22178	22	24	0.02291
60x	lp_only_gnn	22178	24	26	0.02372
60x	lp_only_gnn	22178	26	28	0.01912
60x	lp_only_gnn	22178	28	30	0.02115
60x	lp_only_gnn	22178	30	32	0.02678
60x	lp_only_gnn	22178	32	34	0.02971
60x	lp_only_gnn	22178	34	36	0.02340
60x	lp_only_gnn	22178	36	38	0.02191
60x	lp_only_gnn	22178	38	40	0.01867
60x	lp_only_gnn	22178	40	42	0.01817
60x	lp_only_gnn	22178	42	44	0.01592
60x	lp_only_gnn	22178	44	46	0.01357
60x	lp_only_gnn	22178	46	48	0.01060
60x	lp_only_gnn	22178	48	50	0.01312
60x	lp_only_gnn	22178	50	52	0.01429
60x	lp_only_gnn	22178	52	54	0.01740
60x	lp_only_gnn	22178	54	56	0.01704
60x	lp_only_gnn	22178	56	58	0.01511
60x	lp_only_gnn	22178	58	60	0.01713
60x	lp_only_gnn	22178	60	62	0.01515
60x	lp_only_gnn	22178	62	64	0.01587
60x	lp_only_gnn	22178	64	66	0.01610
60x	lp_only_gnn	22178	66	68	0.01551
60x	lp_only_gnn	22178	68	70	0.01114
60x	lp_only_gnn	22178	70	72	0.01177
60x	lp_only_gnn	22178	72	74	0.01087
60x	lp_only_gnn	22178	74	76	0.00987
60x	lp_only_gnn	22178	76	78	0.00974
60x	lp_only_gnn	22178	78	80	0.00888
60x	lp_only_gnn	22178	80	82	0.00744
60x	lp_only_gnn	22178	82	84	0.00767
60x	lp_only_gnn	22178	84	86	0.00830
60x	lp_only_gnn	22178	86	88	0.00748
60x	lp_only_gnn	22178	88	90	0.00825
60x	lp_only_gnn	22178	90	92	0.00748
60x	lp_only_gnn	22178	92	94	0.00609
60x	lp_only_gnn	22178	94	96	0.00618
60x	lp_only_gnn	22178	96	98	0.00595
60x	lp_only_gnn	22178	98	100	0.00505
60x	lp_only_gnn	22178	100	102	0.00550
60x	lp_only_gnn	22178	102	104	0.00433
60x	lp_only_gnn	22178	104	106	0.00442
60x	lp_only_gnn	22178	106	108	0.00455
60x	lp_only_gnn	22178	108	110	0.00460
60x	lp_only_gnn	22178	110	112	0.00415
60x	lp_only_gnn	22178	112	114	0.00469
60x	lp_only_gnn	22178	114	116	0.00482
60x	lp_only_gnn	22178	116	118	0.00559
60x	lp_only_gnn	22178	118	120	0.00555
60x	lp_only_gnn	22178	120	122	0.00555
60x	lp_only_gnn	22178	122	124	0.00424
60x	lp_only_gnn	22178	124		0.14965
60x	lp_only	121991	0	2	0.00000
60x	lp_only	121991	2	4	0.00083
60x	lp_only	121991	4	6	0.00362
60x	lp_only	121991	6	8	0.00724
60x	lp_only	121991	8	10	0.01385
60x	lp_only	121991	10	12	0.01537
60x	lp_only	121991	12	14	0.01889
60x	lp_only	121991	14	16	0.02037
60x	lp_only	121991	16	18	0.01960
60x	lp_only	121991	18	20	0.01766
60x	lp_only	121991	20	22	0.01780
60x	lp_only	121991	22	24	0.01575
60x	lp_only	121991	24	26	0.01399
60x	lp_only	121991	26	28	0.01349
60x	lp_only	121991	28	30	0.01349
60x	lp_only	121991	30	32	0.01667
60x	lp_only	121991	32	34	0.01788
60x	lp_only	121991	34	36	0.01542
60x	lp_only	121991	36	38	0.01378
60x	lp_only	121991	38	40	0.01350
60x	lp_only	121991	40	42	0.01272
60x	lp_only	121991	42	44	0.01459
60x	lp_only	121991	44	46	0.01448
60x	lp_only	121991	46	48	0.01445
60x	lp_only	121991	48	50	0.01612
60x	lp_only	121991	50	52	0.01744
60x	lp_only	121991	52	54	0.02027
60x	lp_only	121991	54	56	0.02111
60x	lp_only	121991	56	58	0.02288
60x	lp_only	121991	58	60	0.02458
60x	lp_only	121991	60	62	0.02494
60x	lp_only	121991	62	64	0.02435
60x	lp_only	121991	64	66	0.02416
60x	lp_only	121991	66	68	0.02329
60x	lp_only	121991	68	70	0.02082
60x	lp_only	121991	70	72	0.02037
60x	lp_only	121991	72	74	0.01966
60x	lp_only	121991	74	76	0.01804
60x	lp_only	121991	76	78	0.01622
60x	lp_only	121991	78	80	0.01406
60x	lp_only	121991	80	82	0.01356
60x	lp_only	121991	82	84	0.01218
60x	lp_only	121991	84	86	0.01114
60x	lp_only	121991	86	88	0.01110
60x	lp_only	121991	88	90	0.01112
60x	lp_only	121991	90	92	0.00940
60x	lp_only	121991	92	94	0.00896
60x	lp_only	121991	94	96	0.00904
60x	lp_only	121991	96	98	0.00844
60x	lp_only	121991	98	100	0.00761
60x	lp_only	121991	100	102	0.00783
60x	lp_only	121991	102	104	0.00711
60x	lp_only	121991	104	106	0.00634
60x	lp_only	121991	106	108	0.00708
60x	lp_only	121991	108	110	0.00650
60x	lp_only	121991	110	112	0.00761
60x	lp_only	121991	112	114	0.00836
60x	lp_only	121991	114	116	0.00758
60x	lp_only	121991	116	118	0.00789
60x	lp_only	121991	118	120	0.00790
60x	lp_only	121991	120	122	0.00693
60x	lp_only	121991	122	124	0.00650
60x	lp_only	121991	124		0.15608
60x	wh_only	53621	0	2	0.00000
60x	wh_only	53621	2	4	0.01378
60x	wh_only	53621	4	6	0.03292
60x	wh_only	53621	6	8	0.05144
60x	wh_only	53621	8	10	0.05772
60x	wh_only	53621	10	12	0.07616
60x	wh_only	53621	12	14	0.07827
60x	wh_only	53621	14	16	0.08215
60x	wh_only	53621	16	18	0.07303
60x	wh_only	53621	18	20	0.06585
60x	wh_only	53621	20	22	0.04558
60x	wh_only	53621	22	24	0.04280
60x	wh_only	53621	24	26	0.04179
60x	wh_only	53621	26	28	0.03189
60x	wh_only	53621	28	30	0.02743
60x	wh_only	53621	30	32	0.02234
60x	wh_only	53621	32	34	0.02488
60x	wh_only	53621	34	36	0.01953
60x	wh_only	53621	36	38	0.01412
60x	wh_only	53621	38	40	0.01276
60x	wh_only	53621	40	42	0.01376
60x	wh_only	53621	42	44	0.01283
60x	wh_only	53621	44	46	0.01195
60x	wh_only	53621	46	48	0.00910
60x	wh_only	53621	48	50	0.00893
60x	wh_only	53621	50	52	0.00849
60x	wh_only	53621	52	54	0.00962
60x	wh_only	53621	54	56	0.00886
60x	wh_only	53621	56	58	0.00877
60x	wh_only	53621	58	60	0.00690
60x	wh_only	53621	60	62	0.00731
60x	wh_only	53621	62	64	0.00634
60x	wh_only	53621	64	66	0.00459
60x	wh_only	53621	66	68	0.00479
60x	wh_only	53621	68	70	0.00388
60x	wh_only	53621	70	72	0.00423
60x	wh_only	53621	72	74	0.00328
60x	wh_only	53621	74	76	0.00304
60x	wh_only	53621	76	78	0.00304
60x	wh_only	53621	78	80	0.00254
60x	wh_only	53621	80	82	0.00201
60x	wh_only	53621	82	84	0.00265
60x	wh_only	53621	84	86	0.00241
60x	wh_only	53621	86	88	0.00192
60x	wh_only	53621	88	90	0.00188
60x	wh_only	53621	90	92	0.00181
60x	wh_only	53621	92	94	0.00144
60x	wh_only	53621	94	96	0.00144
60x	wh_only	53621	96	98	0.00117
60x	wh_only	53621	98	100	0.00106
60x	wh_only	53621	100	102	0.00110
60x	wh_only	53621	102	104	0.00149
60x	wh_only	53621	104	106	0.00116
60x	wh_only	53621	106	108	0.00091
60x	wh_only	53621	108	110	0.00117
60x	wh_only	53621	110	112	0.00075
60x	wh_only	53621	112	114	0.00099
60x	wh_only	53621	114	116	0.00067
60x	wh_only	53621	116	118	0.00093
60x	wh_only	53621	118	120	0.00075
60x	wh_only	53621	120	122	0.00039
60x	wh_only	53621	122	124	0.00037
60x	wh_only	53621	124		0.01483
60x	both	88692	0	2	0.00000
60x	both	88692	2	4	0.01213
60x	both	88692	4	6	0.02971
60x	both	88692	6	8	0.04411
60x	both	88692	8	10	0.06365
60x	both	88692	10	12	0.07355
60x	both	88692	12	14	0.06954
60x	both	88692	14	16	0.06806
60x	both	88692	16	18	0.05877
60x	both	88692	18	20	0.05058
60x	both	88692	20	22	0.04447
60x	both	88692	22	24	0.03792
60x	both	88692	24	26	0.03541
60x	both	88692	26	28	0.03423
60x	both	88692	28	30	0.03068
60x	both	88692	30	32	0.02751
60x	both	88692	32	34	0.02586
60x	both	88692	34	36	0.02346
60x	both	88692	36	38	0.02081
60x	both	88692	38	40	0.01894
60x	both	88692	40	42	0.01653
60x	both	88692	42	44	0.01500
60x	both	88692	44	46	0.01423
60x	both	88692	46	48	0.01426
60x	both	88692	48	50	0.01241
60x	both	88692	50	52	0.01178
60x	both	88692	52	54	0.01054
60x	both	88692	54	56	0.00917
60x	both	88692	56	58	0.00835
60x	both	88692	58	60	0.00785
60x	both	88692	60	62	0.00739
60x	both	88692	62	64	0.00749
60x	both	88692	64	66	0.00634
60x	both	88692	66	68	0.00539
60x	both	88692	68	70	0.00542
60x	both	88692	70	72	0.00454
60x	both	88692	72	74	0.00435
60x	both	88692	74	76	0.00483
60x	both	88692	76	78	0.00397
60x	both	88692	78	80	0.00405
60x	both	88692	80	82	0.00309
60x	both	88692	82	84	0.00286
60x	both	88692	84	86	0.00306
60x	both	88692	86	88	0.00240
60x	both	88692	88	90	0.00216
60x	both	88692	90	92	0.00203
60x	both	88692	92	94	0.00152
60x	both	88692	94	96	0.00161
60x	both	88692	96	98	0.00168
60x	both	88692	98	100	0.00162
60x	both	88692	100	102	0.00189
60x	both	88692	102	104	0.00136
60x	both	88692	104	106	0.00124
60x	both	88692	106	108	0.00112
60x	both	88692	108	110	0.00113
60x	both	88692	110	112	0.00115
60x	both	88692	112	114	0.00088
60x	both	88692	114	116	0.00074
60x	both	88692	116	118	0.00112
60x	both	88692	118	120	0.00103
60x	both	88692	120	122	0.00107
60x	both	88692	122	124	0.00072
60x	both	88692	124		0.02123
