coverage	set	n	het_match	het_other_allele	hom	absent	chrXY	other_tool	other_assessed	other_hamming_err	other_switch_endpoint
10x	lp_only_phase	125981	17933	924	12070	91429	3625	WhatsHap	17854	4010	2619
10x	lp_only_gnn	22592	5843	186	1844	14002	717	WhatsHap	5836	1417	897
10x	lp_only	148573	23776	1110	13914	105431	4342	WhatsHap	23690	5427	3516
10x	wh_only	37676	1575	69	1223	33854	955	LongPhase 2	1549	215	139
10x	both	90210	2449	213	3793	80486	3269		NA	NA	NA
10x	background	2058271	1865903	2404	13221	164177	12566		NA	NA	NA
30x	lp_only_phase	111718	17819	779	4128	84701	4291	WhatsHap	17797	2684	1919
30x	lp_only_gnn	20720	2203	153	1074	16320	970	WhatsHap	2199	503	383
30x	lp_only	132438	20022	932	5202	101021	5261	WhatsHap	19996	3187	2302
30x	wh_only	52152	1579	133	1324	47058	2058	LongPhase 2	1565	261	170
30x	both	96839	2037	186	2469	86682	5465		NA	NA	NA
30x	background	2354571	2193282	2523	8504	135353	14909		NA	NA	NA
60x	lp_only_phase	99813	23094	684	3652	67392	4991	WhatsHap	23058	2110	1309
60x	lp_only_gnn	22178	1665	132	984	18132	1265	WhatsHap	1661	353	298
60x	lp_only	121991	24759	816	4636	85524	6256	WhatsHap	24719	2463	1607
60x	wh_only	53621	1002	123	1318	47978	3200	LongPhase 2	991	150	113
60x	both	88692	1570	157	1867	77570	7528		NA	NA	NA
60x	background	2315519	2190309	2252	7179	104820	10959		NA	NA	NA
