tool	coverage	replicate	phased_het_snv_calls_chr1_22
LongPhase 2	10	1	2082426
LongPhase 2	10	2	2089327
LongPhase 2	10	3	2090225
LongPhase 2	10	4	2088318
LongPhase 2	10	5	2087528
LongPhase 2	10	6	2093349
LongPhase 2	10	7	2084819
LongPhase 2	10	8	2092460
LongPhase 2	10	9	2084380
LongPhase 2	10	10	2094809
LongPhase 2	12	1	2251596
LongPhase 2	12	2	2245542
LongPhase 2	12	3	2255322
LongPhase 2	12	4	2248453
LongPhase 2	12	5	2250214
LongPhase 2	12	6	2250891
LongPhase 2	12	7	2247343
LongPhase 2	12	8	2249855
LongPhase 2	12	9	2247852
LongPhase 2	12	10	2252905
LongPhase 2	14	1	2326508
LongPhase 2	14	2	2332965
LongPhase 2	14	3	2329884
LongPhase 2	14	4	2333334
LongPhase 2	14	5	2327013
LongPhase 2	14	6	2331289
LongPhase 2	14	7	2331834
LongPhase 2	14	8	2324961
LongPhase 2	14	9	2325217
LongPhase 2	14	10	2331467
LongPhase 2	16	1	2364119
LongPhase 2	16	2	2366997
LongPhase 2	16	3	2371162
LongPhase 2	16	4	2371302
LongPhase 2	16	5	2366138
LongPhase 2	16	6	2361544
LongPhase 2	16	7	2374261
LongPhase 2	16	8	2364549
LongPhase 2	16	9	2371086
LongPhase 2	16	10	2369589
LongPhase 2	18	1	2379470
LongPhase 2	18	2	2389007
LongPhase 2	18	3	2386382
LongPhase 2	18	4	2384009
LongPhase 2	18	5	2380613
LongPhase 2	18	6	2381194
LongPhase 2	18	7	2387402
LongPhase 2	18	8	2379326
LongPhase 2	18	9	2382041
LongPhase 2	18	10	2381105
LongPhase 2	20	1	2386783
LongPhase 2	20	2	2395233
LongPhase 2	20	3	2383909
LongPhase 2	20	4	2384869
LongPhase 2	20	5	2392008
LongPhase 2	20	6	2396594
LongPhase 2	20	7	2387247
LongPhase 2	20	8	2388919
LongPhase 2	20	9	2386333
LongPhase 2	20	10	2389819
LongPhase 2	30	1	2389756
LongPhase 2	40	1	2377172
LongPhase 2	50	1	2369590
LongPhase 2	60	1	2354981
WhatsHap	10	1	2189936
WhatsHap	10	2	2192001
WhatsHap	10	3	2192148
WhatsHap	10	4	2192780
WhatsHap	10	5	2184433
WhatsHap	10	6	2191799
WhatsHap	10	7	2194380
WhatsHap	10	8	2189002
WhatsHap	10	9	2185720
WhatsHap	10	10	2195500
WhatsHap	12	1	2352260
WhatsHap	12	2	2349660
WhatsHap	12	3	2351033
WhatsHap	12	4	2353732
WhatsHap	12	5	2347864
WhatsHap	12	6	2346794
WhatsHap	12	7	2349724
WhatsHap	12	8	2354906
WhatsHap	12	9	2352311
WhatsHap	12	10	2351814
WhatsHap	14	1	2423962
WhatsHap	14	2	2425992
WhatsHap	14	3	2426173
WhatsHap	14	4	2425198
WhatsHap	14	5	2425365
WhatsHap	14	6	2422298
WhatsHap	14	7	2425791
WhatsHap	14	8	2417300
WhatsHap	14	9	2421005
WhatsHap	14	10	2426007
WhatsHap	16	1	2451554
WhatsHap	16	2	2457556
WhatsHap	16	3	2454540
WhatsHap	16	4	2460730
WhatsHap	16	5	2455217
WhatsHap	16	6	2449975
WhatsHap	16	7	2453235
WhatsHap	16	8	2454693
WhatsHap	16	9	2459053
WhatsHap	16	10	2454677
WhatsHap	18	1	2469360
WhatsHap	18	2	2474331
WhatsHap	18	3	2469583
WhatsHap	18	4	2471974
WhatsHap	18	5	2469668
WhatsHap	18	6	2468308
WhatsHap	18	7	2466531
WhatsHap	18	8	2469560
WhatsHap	18	9	2466662
WhatsHap	18	10	2469971
WhatsHap	20	1	2470378
WhatsHap	20	2	2469186
WhatsHap	20	3	2467860
WhatsHap	20	4	2468210
WhatsHap	20	5	2467025
WhatsHap	20	6	2472615
WhatsHap	20	7	2471750
WhatsHap	20	8	2465888
WhatsHap	20	9	2468420
WhatsHap	20	10	2462527
WhatsHap	30	1	2466839
WhatsHap	40	1	2449457
WhatsHap	50	1	2433931
WhatsHap	60	1	2420295
