truth	run	LP2	WH	HC2	LP2&WH	LP2&HC2	WH&HC2	all3	WH&HC2_not_LP2
v5	10x_1	1510	4258	4920	598	597	3139	543	2596
v5	12x_1	1359	4281	4807	534	538	3137	494	2643
v5	14x_1	1107	3744	4702	415	415	2752	381	2371
v5	16x_1	972	3381	4202	351	352	2423	328	2095
v5	18x_1	940	3304	4207	344	365	2382	325	2057
v5	20x_1	922	2735	3552	311	324	1937	289	1648
v5	30x_1	680	2524	3280	250	262	1686	236	1450
v5	40x_1	602	2139	2916	207	220	1416	195	1221
v5	50x_1	588	2010	2568	211	215	1264	202	1062
v5	60x_1	496	1785	2309	196	190	1140	183	957
v4	10x_1	1829	2775	3041	1195	1197	2145	1145	1000
v4	12x_1	1850	2668	3005	1300	1311	2161	1255	906
v4	14x_1	1734	2360	2755	1299	1283	1971	1248	723
v4	16x_1	1680	2177	2572	1364	1347	1821	1316	505
v4	18x_1	1685	2062	2473	1393	1382	1803	1354	449
v4	20x_1	1680	1922	2292	1431	1436	1722	1405	317
v4	30x_1	1635	1850	2202	1497	1491	1686	1474	212
v4	40x_1	1663	1810	2171	1530	1524	1673	1508	165
v4	50x_1	1669	1811	2133	1558	1546	1678	1528	150
v4	60x_1	1676	1801	2088	1582	1565	1677	1556	121
