item	truth	run	phased_snv	phased_indel	snv_sw	hamming%	table_phased_snv	table_phased_indel	table_snv_sw	table_hamming%	match
item3	v5	longphase_coh_indel_10x_1	1874069	159269	2888	11.13546	1874069	159269	2888	11.13546	yes
item3	v5	longphase_coh_indel_10x_10	1873934	159061	3006	11.29984	1873934	159061	3006	11.29984	yes
item3	v5	longphase_coh_indel_10x_2	1874090	158915	2917	10.57898	1874090	158915	2917	10.57898	yes
item3	v5	longphase_coh_indel_10x_3	1875124	159396	2899	11.26929	1875124	159396	2899	11.26929	yes
item3	v5	longphase_coh_indel_10x_4	1871638	158833	2888	10.50060	1871638	158833	2888	10.5006	yes
item3	v5	longphase_coh_indel_10x_5	1870358	158749	2884	10.21256	1870358	158749	2884	10.21256	yes
item3	v5	longphase_coh_indel_10x_6	1873718	159287	2889	11.32741	1873718	159287	2889	11.32741	yes
item3	v5	longphase_coh_indel_10x_7	1874938	158991	2957	10.73876	1874938	158991	2957	10.73876	yes
item3	v5	longphase_coh_indel_10x_8	1875739	158928	2975	11.02024	1875739	158928	2975	11.02024	yes
item3	v5	longphase_coh_indel_10x_9	1872101	158742	2829	10.66132	1872101	158742	2829	10.66132	yes
item3	v5	longphase_coh_indel_12x_1	2033172	180238	2621	11.41570	2033172	180238	2621	11.4157	yes
item3	v5	longphase_coh_indel_12x_10	2031761	180428	2690	11.45271	2031761	180428	2690	11.45271	yes
item3	v5	longphase_coh_indel_12x_2	2032875	180335	2586	11.29048	2032875	180335	2586	11.29048	yes
item3	v5	longphase_coh_indel_12x_3	2032452	180096	2521	12.40401	2032452	180096	2521	12.40401	yes
item3	v5	longphase_coh_indel_12x_4	2031701	180195	2587	11.33330	2031701	180195	2587	11.3333	yes
item3	v5	longphase_coh_indel_12x_5	2030415	180223	2564	12.30410	2030415	180223	2564	12.3041	yes
item3	v5	longphase_coh_indel_12x_6	2034255	180222	2597	11.73177	2034255	180222	2597	11.73177	yes
item3	v5	longphase_coh_indel_12x_7	2031375	180112	2588	11.92644	2031375	180112	2588	11.92644	yes
item3	v5	longphase_coh_indel_12x_8	2030511	179851	2586	11.77735	2030511	179851	2586	11.77735	yes
item3	v5	longphase_coh_indel_12x_9	2033658	180607	2446	11.04208	2033658	180607	2446	11.04208	yes
item3	v5	longphase_coh_indel_14x_1	2110945	193889	2258	11.17427	2110945	193889	2258	11.17427	yes
item3	v5	longphase_coh_indel_14x_10	2112406	193158	2181	10.72922	2112406	193158	2181	10.72922	yes
item3	v5	longphase_coh_indel_14x_2	2114186	193580	2202	11.18412	2114186	193580	2202	11.18412	yes
item3	v5	longphase_coh_indel_14x_3	2114062	193340	2182	10.34321	2114062	193340	2182	10.34321	yes
item3	v5	longphase_coh_indel_14x_4	2113507	193478	2262	11.46403	2113507	193478	2262	11.46403	yes
item3	v5	longphase_coh_indel_14x_5	2111673	193493	2253	12.69125	2111673	193493	2253	12.69125	yes
item3	v5	longphase_coh_indel_14x_6	2111748	193074	2244	11.54560	2111748	193074	2244	11.5456	yes
item3	v5	longphase_coh_indel_14x_7	2112794	193381	2156	11.52753	2112794	193381	2156	11.52753	yes
item3	v5	longphase_coh_indel_14x_8	2111666	193151	2277	11.47907	2111666	193151	2277	11.47907	yes
item3	v5	longphase_coh_indel_14x_9	2112298	193537	2183	11.40417	2112298	193537	2183	11.40417	yes
item3	v5	longphase_coh_indel_16x_1	2153778	202293	1889	10.73036	2153778	202293	1889	10.73036	yes
item3	v5	longphase_coh_indel_16x_10	2152795	202078	2030	11.29632	2152795	202078	2030	11.29632	yes
item3	v5	longphase_coh_indel_16x_2	2152348	201974	1935	10.13894	2152348	201974	1935	10.13894	yes
item3	v5	longphase_coh_indel_16x_3	2151749	202087	1906	11.05321	2151749	202087	1906	11.05321	yes
item3	v5	longphase_coh_indel_16x_4	2151711	202170	2054	10.61644	2151711	202170	2054	10.61644	yes
item3	v5	longphase_coh_indel_16x_5	2153746	202459	2013	10.26957	2153746	202459	2013	10.26957	yes
item3	v5	longphase_coh_indel_16x_6	2152394	202219	2028	10.59511	2152394	202219	2028	10.59511	yes
item3	v5	longphase_coh_indel_16x_7	2153258	202138	1945	10.83830	2153258	202138	1945	10.8383	yes
item3	v5	longphase_coh_indel_16x_8	2151772	202328	2007	11.21033	2151772	202328	2007	11.21033	yes
item3	v5	longphase_coh_indel_16x_9	2153653	202315	1980	11.01811	2153653	202315	1980	11.01811	yes
item3	v5	longphase_coh_indel_18x_1	2172888	208420	1805	10.32694	2172888	208420	1805	10.32694	yes
item3	v5	longphase_coh_indel_18x_10	2174457	208657	1824	9.90664	2174457	208657	1824	9.90664	yes
item3	v5	longphase_coh_indel_18x_2	2175358	208308	1810	10.25756	2175358	208308	1810	10.25756	yes
item3	v5	longphase_coh_indel_18x_3	2173530	208567	1803	9.56656	2173530	208567	1803	9.56656	yes
item3	v5	longphase_coh_indel_18x_4	2174875	208681	1795	10.75786	2174875	208681	1795	10.75786	yes
item3	v5	longphase_coh_indel_18x_5	2173928	208530	1754	10.36913	2173928	208530	1754	10.36913	yes
item3	v5	longphase_coh_indel_18x_6	2174253	208511	1783	9.58119	2174253	208511	1783	9.58119	yes
item3	v5	longphase_coh_indel_18x_7	2175175	208464	1847	10.14094	2175175	208464	1847	10.14094	yes
item3	v5	longphase_coh_indel_18x_8	2174123	208712	1813	9.91873	2174123	208712	1813	9.91873	yes
item3	v5	longphase_coh_indel_18x_9	2173569	208666	1800	9.44293	2173569	208666	1800	9.44293	yes
item3	v5	longphase_coh_indel_20x_1	2184436	212947	1726	10.04119	2184436	212947	1726	10.04119	yes
item3	v5	longphase_coh_indel_20x_10	2183483	213147	1601	9.30558	2183483	213147	1601	9.30558	yes
item3	v5	longphase_coh_indel_20x_2	2185123	212777	1685	10.26244	2185123	212777	1685	10.26244	yes
item3	v5	longphase_coh_indel_20x_3	2184509	212969	1652	9.27412	2184509	212969	1652	9.27412	yes
item3	v5	longphase_coh_indel_20x_4	2184563	213320	1614	9.51332	2184563	213320	1614	9.51332	yes
item3	v5	longphase_coh_indel_20x_5	2184162	212977	1639	9.40385	2184162	212977	1639	9.40385	yes
item3	v5	longphase_coh_indel_20x_6	2184056	213283	1631	9.62922	2184056	213283	1631	9.62922	yes
item3	v5	longphase_coh_indel_20x_7	2184772	213081	1649	9.33639	2184772	213081	1649	9.33639	yes
item3	v5	longphase_coh_indel_20x_8	2184167	213062	1568	9.29353	2184167	213062	1568	9.29353	yes
item3	v5	longphase_coh_indel_20x_9	2183829	213054	1695	8.98969	2183829	213054	1695	8.98969	yes
item3	v5	longphase_coh_indel_30x_1	2196917	224926	1316	8.01645	2196917	224926	1316	8.01645	yes
item3	v5	longphase_coh_indel_40x_1	2197485	230095	1151	7.93929	2197485	230095	1151	7.93929	yes
item3	v5	longphase_coh_indel_50x_1	2195073	233266	1094	6.43845	2195073	233266	1094	6.43845	yes
item3	v5	longphase_coh_indel_60x_1	2192460	234940	953	6.37954	2192460	234940	953	6.37954	yes
item3	v5	longphase_coh_indel_gnn_10x_1	1865900	157443	1669	6.67409	1865900	157443	1669	6.67409	yes
item3	v5	longphase_coh_indel_gnn_10x_10	1865625	157145	1746	7.00937	1865625	157145	1746	7.00937	yes
item3	v5	longphase_coh_indel_gnn_10x_2	1866077	157134	1750	7.16409	1866077	157134	1750	7.16409	yes
item3	v5	longphase_coh_indel_gnn_10x_3	1866661	157487	1674	7.45622	1866661	157487	1674	7.45622	yes
item3	v5	longphase_coh_indel_gnn_10x_4	1863525	157006	1681	6.21560	1863525	157006	1681	6.2156	yes
item3	v5	longphase_coh_indel_gnn_10x_5	1862123	156787	1693	6.05355	1862123	156787	1693	6.05355	yes
item3	v5	longphase_coh_indel_gnn_10x_6	1865707	157427	1704	7.26413	1865707	157427	1704	7.26413	yes
item3	v5	longphase_coh_indel_gnn_10x_7	1866693	157195	1738	6.95862	1866693	157195	1738	6.95862	yes
item3	v5	longphase_coh_indel_gnn_10x_8	1867518	157022	1721	6.88755	1867518	157022	1721	6.88755	yes
item3	v5	longphase_coh_indel_gnn_10x_9	1864066	156829	1669	6.77988	1864066	156829	1669	6.77988	yes
item3	v5	longphase_coh_indel_gnn_12x_1	2025755	178409	1577	7.27281	2025755	178409	1577	7.27281	yes
item3	v5	longphase_coh_indel_gnn_12x_10	2024047	178633	1540	6.85274	2024047	178633	1540	6.85274	yes
item3	v5	longphase_coh_indel_gnn_12x_2	2025362	178580	1500	6.70065	2025362	178580	1500	6.70065	yes
item3	v5	longphase_coh_indel_gnn_12x_3	2025456	178345	1495	7.43913	2025456	178345	1495	7.43913	yes
item3	v5	longphase_coh_indel_gnn_12x_4	2024377	178393	1508	6.68456	2024377	178393	1508	6.68456	yes
item3	v5	longphase_coh_indel_gnn_12x_5	2022505	178361	1393	7.41943	2022505	178361	1393	7.41943	yes
item3	v5	longphase_coh_indel_gnn_12x_6	2026746	178448	1537	7.19027	2026746	178448	1537	7.19027	yes
item3	v5	longphase_coh_indel_gnn_12x_7	2023987	178313	1560	6.64897	2023987	178313	1560	6.64897	yes
item3	v5	longphase_coh_indel_gnn_12x_8	2022792	178040	1464	7.39281	2022792	178040	1464	7.39281	yes
item3	v5	longphase_coh_indel_gnn_12x_9	2026360	178876	1439	6.70136	2026360	178876	1439	6.70136	yes
item3	v5	longphase_coh_indel_gnn_14x_1	2104633	192283	1311	6.90055	2104633	192283	1311	6.90055	yes
item3	v5	longphase_coh_indel_gnn_14x_10	2106255	191572	1319	6.79572	2106255	191572	1319	6.79572	yes
item3	v5	longphase_coh_indel_gnn_14x_2	2107735	192007	1257	6.59550	2107735	192007	1257	6.5955	yes
item3	v5	longphase_coh_indel_gnn_14x_3	2107816	191828	1220	6.29232	2107816	191828	1220	6.29232	yes
item3	v5	longphase_coh_indel_gnn_14x_4	2107027	191894	1317	7.01912	2107027	191894	1317	7.01912	yes
item3	v5	longphase_coh_indel_gnn_14x_5	2105469	191912	1325	7.13274	2105469	191912	1325	7.13274	yes
item3	v5	longphase_coh_indel_gnn_14x_6	2105310	191417	1286	6.72646	2105310	191417	1286	6.72646	yes
item3	v5	longphase_coh_indel_gnn_14x_7	2106320	191716	1250	6.62623	2106320	191716	1250	6.62623	yes
item3	v5	longphase_coh_indel_gnn_14x_8	2105231	191563	1268	6.92425	2105231	191563	1268	6.92425	yes
item3	v5	longphase_coh_indel_gnn_14x_9	2106080	191944	1287	6.33346	2106080	191944	1287	6.33346	yes
item3	v5	longphase_coh_indel_gnn_16x_1	2148487	200827	1146	6.40810	2148487	200827	1146	6.4081	yes
item3	v5	longphase_coh_indel_gnn_16x_10	2147495	200644	1235	6.65002	2147495	200644	1235	6.65002	yes
item3	v5	longphase_coh_indel_gnn_16x_2	2146992	200526	1188	6.17872	2146992	200526	1188	6.17872	yes
item3	v5	longphase_coh_indel_gnn_16x_3	2146319	200595	1134	6.42248	2146319	200595	1134	6.42248	yes
item3	v5	longphase_coh_indel_gnn_16x_4	2146296	200751	1180	6.18184	2146296	200751	1180	6.18184	yes
item3	v5	longphase_coh_indel_gnn_16x_5	2148126	200952	1132	5.92161	2148126	200952	1132	5.92161	yes
item3	v5	longphase_coh_indel_gnn_16x_6	2147064	200859	1197	6.56603	2147064	200859	1197	6.56603	yes
item3	v5	longphase_coh_indel_gnn_16x_7	2147803	200658	1163	6.71340	2147803	200658	1163	6.7134	yes
item3	v5	longphase_coh_indel_gnn_16x_8	2146288	200874	1175	6.12291	2146288	200874	1175	6.12291	yes
item3	v5	longphase_coh_indel_gnn_16x_9	2148244	200898	1123	6.60288	2148244	200898	1123	6.60288	yes
item3	v5	longphase_coh_indel_gnn_18x_1	2168129	207074	1110	5.64374	2168129	207074	1110	5.64374	yes
item3	v5	longphase_coh_indel_gnn_18x_10	2169964	207403	1106	5.89310	2169964	207403	1106	5.8931	yes
item3	v5	longphase_coh_indel_gnn_18x_2	2170895	207189	1113	6.19629	2170895	207189	1113	6.19629	yes
item3	v5	longphase_coh_indel_gnn_18x_3	2168838	207262	1121	5.87665	2168838	207262	1121	5.87665	yes
item3	v5	longphase_coh_indel_gnn_18x_4	2170508	207357	1098	5.92221	2170508	207357	1098	5.92221	yes
item3	v5	longphase_coh_indel_gnn_18x_5	2169286	207274	1069	6.10849	2169286	207274	1069	6.10849	yes
item3	v5	longphase_coh_indel_gnn_18x_6	2169715	207275	1040	4.94968	2169715	207275	1040	4.94968	yes
item3	v5	longphase_coh_indel_gnn_18x_7	2170418	207209	1064	6.05697	2170418	207209	1064	6.05697	yes
item3	v5	longphase_coh_indel_gnn_18x_8	2169314	207408	1074	5.74489	2169314	207408	1074	5.74489	yes
item3	v5	longphase_coh_indel_gnn_18x_9	2168971	207461	1077	5.80815	2168971	207461	1077	5.80815	yes
item3	v5	longphase_coh_indel_gnn_20x_1	2180442	211817	1081	6.07939	2180442	211817	1081	6.07939	yes
item3	v5	longphase_coh_indel_gnn_20x_10	2179444	212080	981	5.55501	2179444	212080	981	5.55501	yes
item3	v5	longphase_coh_indel_gnn_20x_2	2180898	211652	1019	6.48196	2180898	211652	1019	6.48196	yes
item3	v5	longphase_coh_indel_gnn_20x_3	2180445	211830	989	5.42845	2180445	211830	989	5.42845	yes
item3	v5	longphase_coh_indel_gnn_20x_4	2180716	212187	973	5.60277	2180716	212187	973	5.60277	yes
item3	v5	longphase_coh_indel_gnn_20x_5	2180074	211802	994	5.60792	2180074	211802	994	5.60792	yes
item3	v5	longphase_coh_indel_gnn_20x_6	2180056	212093	950	6.37197	2180056	212093	950	6.37197	yes
item3	v5	longphase_coh_indel_gnn_20x_7	2180804	212026	981	5.39987	2180804	212026	981	5.39987	yes
item3	v5	longphase_coh_indel_gnn_20x_8	2180179	211938	983	5.45208	2180179	211938	983	5.45208	yes
item3	v5	longphase_coh_indel_gnn_20x_9	2179633	211906	1012	5.77347	2179633	211906	1012	5.77347	yes
item3	v5	longphase_coh_indel_gnn_30x_1	2194079	224081	822	4.85833	2194079	224081	822	4.85833	yes
item3	v5	longphase_coh_indel_gnn_40x_1	2195030	229304	724	4.36835	2195030	229304	724	4.36835	yes
item3	v5	longphase_coh_indel_gnn_50x_1	2192843	232550	664	3.25704	2192843	232550	664	3.25704	yes
item3	v5	longphase_coh_indel_gnn_60x_1	2190434	234254	591	3.46129	2190434	234254	591	3.46129	yes
item3	v5	longphase_coh_indel_methyl_10x_1	1874637	159324	2899	10.85679	1874637	159324	2899	10.85679	yes
item3	v5	longphase_coh_indel_methyl_10x_10	1874147	159116	2980	11.63135	1874147	159116	2980	11.63135	yes
item3	v5	longphase_coh_indel_methyl_10x_2	1874393	158940	2873	10.60658	1874393	158940	2873	10.60658	yes
item3	v5	longphase_coh_indel_methyl_10x_3	1875575	159451	2865	11.45272	1875575	159451	2865	11.45272	yes
item3	v5	longphase_coh_indel_methyl_10x_4	1872021	158878	2855	10.80762	1872021	158878	2855	10.80762	yes
item3	v5	longphase_coh_indel_methyl_10x_5	1870653	158789	2862	10.41976	1870653	158789	2862	10.41976	yes
item3	v5	longphase_coh_indel_methyl_10x_6	1874058	159315	2838	11.21590	1874058	159315	2838	11.2159	yes
item3	v5	longphase_coh_indel_methyl_10x_7	1875332	159011	2906	10.98126	1875332	159011	2906	10.98126	yes
item3	v5	longphase_coh_indel_methyl_10x_8	1876211	158966	2897	10.89410	1876211	158966	2897	10.8941	yes
item3	v5	longphase_coh_indel_methyl_10x_9	1872578	158786	2798	10.90324	1872578	158786	2798	10.90324	yes
item3	v5	longphase_coh_indel_methyl_12x_1	2033740	180273	2559	11.70755	2033740	180273	2559	11.70755	yes
item3	v5	longphase_coh_indel_methyl_12x_10	2032295	180473	2651	12.28177	2032295	180473	2651	12.28177	yes
item3	v5	longphase_coh_indel_methyl_12x_2	2033292	180379	2530	11.71763	2033292	180379	2530	11.71763	yes
item3	v5	longphase_coh_indel_methyl_12x_3	2032959	180135	2468	12.29223	2032959	180135	2468	12.29223	yes
item3	v5	longphase_coh_indel_methyl_12x_4	2032295	180260	2553	11.73985	2032295	180260	2553	11.73985	yes
item3	v5	longphase_coh_indel_methyl_12x_5	2030854	180269	2498	12.93951	2030854	180269	2498	12.93951	yes
item3	v5	longphase_coh_indel_methyl_12x_6	2034711	180261	2545	11.65923	2034711	180261	2545	11.65923	yes
item3	v5	longphase_coh_indel_methyl_12x_7	2031808	180173	2547	12.03194	2031808	180173	2547	12.03194	yes
item3	v5	longphase_coh_indel_methyl_12x_8	2030864	179871	2541	12.21657	2030864	179871	2541	12.21657	yes
item3	v5	longphase_coh_indel_methyl_12x_9	2034298	180698	2422	11.09312	2034298	180698	2422	11.09312	yes
item3	v5	longphase_coh_indel_methyl_14x_1	2111258	193920	2228	11.54236	2111258	193920	2228	11.54236	yes
item3	v5	longphase_coh_indel_methyl_14x_10	2112676	193200	2156	10.96389	2112676	193200	2156	10.96389	yes
item3	v5	longphase_coh_indel_methyl_14x_2	2114452	193601	2180	11.72032	2114452	193601	2180	11.72032	yes
item3	v5	longphase_coh_indel_methyl_14x_3	2114413	193358	2160	11.23899	2114413	193358	2160	11.23899	yes
item3	v5	longphase_coh_indel_methyl_14x_4	2113980	193539	2229	13.07681	2113980	193539	2229	13.07681	yes
item3	v5	longphase_coh_indel_methyl_14x_5	2112126	193549	2243	13.19767	2112126	193549	2243	13.19767	yes
item3	v5	longphase_coh_indel_methyl_14x_6	2112193	193124	2180	11.90891	2112193	193124	2180	11.90891	yes
item3	v5	longphase_coh_indel_methyl_14x_7	2113124	193412	2158	12.11141	2113124	193412	2158	12.11141	yes
item3	v5	longphase_coh_indel_methyl_14x_8	2112106	193210	2228	11.37638	2112106	193210	2228	11.37638	yes
item3	v5	longphase_coh_indel_methyl_14x_9	2112779	193567	2137	11.04975	2112779	193567	2137	11.04975	yes
item3	v5	longphase_coh_indel_methyl_16x_1	2154267	202338	1850	11.50652	2154267	202338	1850	11.50652	yes
item3	v5	longphase_coh_indel_methyl_16x_10	2153115	202105	1974	11.20601	2153115	202105	1974	11.20601	yes
item3	v5	longphase_coh_indel_methyl_16x_2	2152701	202031	1876	10.73918	2152701	202031	1876	10.73918	yes
item3	v5	longphase_coh_indel_methyl_16x_3	2152245	202113	1856	11.40235	2152245	202113	1856	11.40235	yes
item3	v5	longphase_coh_indel_methyl_16x_4	2152097	202216	1976	11.52972	2152097	202216	1976	11.52972	yes
item3	v5	longphase_coh_indel_methyl_16x_5	2154205	202512	1957	10.94909	2154205	202512	1957	10.94909	yes
item3	v5	longphase_coh_indel_methyl_16x_6	2152778	202275	1963	10.90782	2152778	202275	1963	10.90782	yes
item3	v5	longphase_coh_indel_methyl_16x_7	2153647	202174	1925	11.70803	2153647	202174	1925	11.70803	yes
item3	v5	longphase_coh_indel_methyl_16x_8	2152186	202376	1959	11.88741	2152186	202376	1959	11.88741	yes
item3	v5	longphase_coh_indel_methyl_16x_9	2154097	202347	1951	11.80695	2154097	202347	1951	11.80695	yes
item3	v5	longphase_coh_indel_methyl_18x_1	2173090	208447	1741	10.24849	2173090	208447	1741	10.24849	yes
item3	v5	longphase_coh_indel_methyl_18x_10	2174746	208685	1779	10.89020	2174746	208685	1779	10.8902	yes
item3	v5	longphase_coh_indel_methyl_18x_2	2175631	208339	1775	10.21560	2175631	208339	1775	10.2156	yes
item3	v5	longphase_coh_indel_methyl_18x_3	2173995	208646	1821	10.07414	2173995	208646	1821	10.07414	yes
item3	v5	longphase_coh_indel_methyl_18x_4	2175074	208719	1767	10.94500	2175074	208719	1767	10.945	yes
item3	v5	longphase_coh_indel_methyl_18x_5	2174349	208575	1692	9.84935	2174349	208575	1692	9.84935	yes
item3	v5	longphase_coh_indel_methyl_18x_6	2174660	208581	1799	10.61425	2174660	208581	1799	10.61425	yes
item3	v5	longphase_coh_indel_methyl_18x_7	2175517	208505	1797	9.71805	2175517	208505	1797	9.71805	yes
item3	v5	longphase_coh_indel_methyl_18x_8	2174382	208714	1776	9.88040	2174382	208714	1776	9.8804	yes
item3	v5	longphase_coh_indel_methyl_18x_9	2173780	208695	1776	10.37064	2173780	208695	1776	10.37064	yes
item3	v5	longphase_coh_indel_methyl_20x_1	2184691	212998	1676	10.78882	2184691	212998	1676	10.78882	yes
item3	v5	longphase_coh_indel_methyl_20x_10	2183773	213176	1561	9.60669	2183773	213176	1561	9.60669	yes
item3	v5	longphase_coh_indel_methyl_20x_2	2185436	212803	1620	9.83311	2185436	212803	1620	9.83311	yes
item3	v5	longphase_coh_indel_methyl_20x_3	2184802	213018	1588	9.63626	2184802	213018	1588	9.63626	yes
item3	v5	longphase_coh_indel_methyl_20x_4	2184789	213348	1545	9.37993	2184789	213348	1545	9.37993	yes
item3	v5	longphase_coh_indel_methyl_20x_5	2184438	213032	1596	9.46376	2184438	213032	1596	9.46376	yes
item3	v5	longphase_coh_indel_methyl_20x_6	2184423	213349	1605	10.36128	2184423	213349	1605	10.36128	yes
item3	v5	longphase_coh_indel_methyl_20x_7	2185312	213156	1614	9.10741	2185312	213156	1614	9.10741	yes
item3	v5	longphase_coh_indel_methyl_20x_8	2184463	213092	1518	9.87279	2184463	213092	1518	9.87279	yes
item3	v5	longphase_coh_indel_methyl_20x_9	2184273	213092	1638	8.97264	2184273	213092	1638	8.97264	yes
item3	v5	longphase_coh_indel_methyl_30x_1	2196882	224947	1317	8.01174	2196882	224947	1317	8.01174	yes
item3	v5	longphase_coh_indel_methyl_40x_1	2197619	230136	1137	7.75922	2197619	230136	1137	7.75922	yes
item3	v5	longphase_coh_indel_methyl_50x_1	2195393	233309	1098	7.11949	2195393	233309	1098	7.11949	yes
item3	v5	longphase_coh_indel_methyl_60x_1	2192959	234978	937	7.33325	2192959	234978	937	7.33325	yes
item3	v5	longphase_coh_indel_methyl_gnn_10x_1	1866872	157755	1700	6.78462	1866872	157755	1700	6.78462	yes
item3	v5	longphase_coh_indel_methyl_gnn_10x_10	1866188	157439	1768	7.33359	1866188	157439	1768	7.33359	yes
item3	v5	longphase_coh_indel_methyl_gnn_10x_2	1866503	157361	1755	7.26967	1866503	157361	1755	7.26967	yes
item3	v5	longphase_coh_indel_methyl_gnn_10x_3	1867528	157780	1704	7.65024	1867528	157780	1704	7.65024	yes
item3	v5	longphase_coh_indel_methyl_gnn_10x_4	1864307	157277	1699	6.46808	1864307	157277	1699	6.46808	yes
item3	v5	longphase_coh_indel_methyl_gnn_10x_5	1862780	157055	1735	6.32737	1862780	157055	1735	6.32737	yes
item3	v5	longphase_coh_indel_methyl_gnn_10x_6	1866354	157674	1733	7.47585	1866354	157674	1733	7.47585	yes
item3	v5	longphase_coh_indel_methyl_gnn_10x_7	1867473	157394	1748	7.37758	1867473	157394	1748	7.37758	yes
item3	v5	longphase_coh_indel_methyl_gnn_10x_8	1868236	157333	1709	6.83104	1868236	157333	1709	6.83104	yes
item3	v5	longphase_coh_indel_methyl_gnn_10x_9	1864771	157101	1691	6.87085	1864771	157101	1691	6.87085	yes
item3	v5	longphase_coh_indel_methyl_gnn_12x_1	2026857	178771	1591	7.65725	2026857	178771	1591	7.65725	yes
item3	v5	longphase_coh_indel_methyl_gnn_12x_10	2025197	178967	1576	7.50388	2025197	178967	1576	7.50388	yes
item3	v5	longphase_coh_indel_methyl_gnn_12x_2	2026366	178892	1509	7.05190	2026366	178892	1509	7.0519	yes
item3	v5	longphase_coh_indel_methyl_gnn_12x_3	2026327	178692	1505	7.54402	2026327	178692	1505	7.54402	yes
item3	v5	longphase_coh_indel_methyl_gnn_12x_4	2025504	178712	1532	7.06749	2025504	178712	1532	7.06749	yes
item3	v5	longphase_coh_indel_methyl_gnn_12x_5	2023252	178663	1395	8.10288	2023252	178663	1395	8.10288	yes
item3	v5	longphase_coh_indel_methyl_gnn_12x_6	2028022	178763	1544	7.39715	2028022	178763	1544	7.39715	yes
item3	v5	longphase_coh_indel_methyl_gnn_12x_7	2024964	178635	1576	7.10504	2024964	178635	1576	7.10504	yes
item3	v5	longphase_coh_indel_methyl_gnn_12x_8	2023758	178385	1474	7.76419	2023758	178385	1474	7.76419	yes
item3	v5	longphase_coh_indel_methyl_gnn_12x_9	2027406	179253	1427	6.75946	2027406	179253	1427	6.75946	yes
item3	v5	longphase_coh_indel_methyl_gnn_14x_1	2105407	192641	1334	7.34940	2105407	192641	1334	7.3494	yes
item3	v5	longphase_coh_indel_methyl_gnn_14x_10	2107011	191914	1334	6.79184	2107011	191914	1334	6.79184	yes
item3	v5	longphase_coh_indel_methyl_gnn_14x_2	2108622	192226	1288	7.07422	2108622	192226	1288	7.07422	yes
item3	v5	longphase_coh_indel_methyl_gnn_14x_3	2108663	192088	1266	6.84900	2108663	192088	1266	6.849	yes
item3	v5	longphase_coh_indel_methyl_gnn_14x_4	2107973	192232	1358	8.11676	2107973	192232	1358	8.11676	yes
item3	v5	longphase_coh_indel_methyl_gnn_14x_5	2106482	192223	1338	8.22020	2106482	192223	1338	8.2202	yes
item3	v5	longphase_coh_indel_methyl_gnn_14x_6	2106438	191794	1288	7.36870	2106438	191794	1288	7.3687	yes
item3	v5	longphase_coh_indel_methyl_gnn_14x_7	2107355	192091	1298	7.49489	2107355	192091	1298	7.49489	yes
item3	v5	longphase_coh_indel_methyl_gnn_14x_8	2106323	191925	1273	7.35113	2106323	191925	1273	7.35113	yes
item3	v5	longphase_coh_indel_methyl_gnn_14x_9	2107289	192328	1273	6.56840	2107289	192328	1273	6.5684	yes
item3	v5	longphase_coh_indel_methyl_gnn_16x_1	2149558	201153	1144	6.95921	2149558	201153	1144	6.95921	yes
item3	v5	longphase_coh_indel_methyl_gnn_16x_10	2148268	200957	1231	6.36228	2148268	200957	1231	6.36228	yes
item3	v5	longphase_coh_indel_methyl_gnn_16x_2	2148007	200872	1188	6.53157	2148007	200872	1188	6.53157	yes
item3	v5	longphase_coh_indel_methyl_gnn_16x_3	2147311	200931	1130	6.94269	2147311	200931	1130	6.94269	yes
item3	v5	longphase_coh_indel_methyl_gnn_16x_4	2147207	201041	1151	7.22389	2147207	201041	1151	7.22389	yes
item3	v5	longphase_coh_indel_methyl_gnn_16x_5	2149133	201278	1113	6.11205	2149133	201278	1113	6.11205	yes
item3	v5	longphase_coh_indel_methyl_gnn_16x_6	2148058	201220	1208	6.75238	2148058	201220	1208	6.75238	yes
item3	v5	longphase_coh_indel_methyl_gnn_16x_7	2148826	200989	1159	7.32924	2148826	200989	1159	7.32924	yes
item3	v5	longphase_coh_indel_methyl_gnn_16x_8	2147431	201234	1185	6.80493	2147431	201234	1185	6.80493	yes
item3	v5	longphase_coh_indel_methyl_gnn_16x_9	2149477	201194	1149	6.80018	2149477	201194	1149	6.80018	yes
item3	v5	longphase_coh_indel_methyl_gnn_18x_1	2168988	207392	1082	5.86562	2168988	207392	1082	5.86562	yes
item3	v5	longphase_coh_indel_methyl_gnn_18x_10	2170822	207679	1094	6.66715	2170822	207679	1094	6.66715	yes
item3	v5	longphase_coh_indel_methyl_gnn_18x_2	2171509	207409	1089	6.29184	2171509	207409	1089	6.29184	yes
item3	v5	longphase_coh_indel_methyl_gnn_18x_3	2169853	207580	1136	6.40451	2169853	207580	1136	6.40451	yes
item3	v5	longphase_coh_indel_methyl_gnn_18x_4	2171082	207674	1104	6.36828	2171082	207674	1104	6.36828	yes
item3	v5	longphase_coh_indel_methyl_gnn_18x_5	2170323	207626	1075	6.60842	2170323	207626	1075	6.60842	yes
item3	v5	longphase_coh_indel_methyl_gnn_18x_6	2170434	207610	1073	6.20623	2170434	207610	1073	6.20623	yes
item3	v5	longphase_coh_indel_methyl_gnn_18x_7	2171297	207480	1053	6.14960	2171297	207480	1053	6.1496	yes
item3	v5	longphase_coh_indel_methyl_gnn_18x_8	2170091	207663	1084	5.92663	2170091	207663	1084	5.92663	yes
item3	v5	longphase_coh_indel_methyl_gnn_18x_9	2169788	207742	1071	6.15386	2169788	207742	1071	6.15386	yes
item3	v5	longphase_coh_indel_methyl_gnn_20x_1	2181114	212125	1041	7.03349	2181114	212125	1041	7.03349	yes
item3	v5	longphase_coh_indel_methyl_gnn_20x_10	2180188	212340	960	5.74042	2180188	212340	960	5.74042	yes
item3	v5	longphase_coh_indel_methyl_gnn_20x_2	2181704	211871	996	6.26561	2181704	211871	996	6.26561	yes
item3	v5	longphase_coh_indel_methyl_gnn_20x_3	2181302	212150	958	6.26000	2181302	212150	958	6.26	yes
item3	v5	longphase_coh_indel_methyl_gnn_20x_4	2181441	212470	937	5.31671	2181441	212470	937	5.31671	yes
item3	v5	longphase_coh_indel_methyl_gnn_20x_5	2180779	212078	968	5.20896	2180779	212078	968	5.20896	yes
item3	v5	longphase_coh_indel_methyl_gnn_20x_6	2180759	212352	935	6.45959	2180759	212352	935	6.45959	yes
item3	v5	longphase_coh_indel_methyl_gnn_20x_7	2181882	212330	973	5.53397	2181882	212330	973	5.53397	yes
item3	v5	longphase_coh_indel_methyl_gnn_20x_8	2181032	212212	971	6.52189	2181032	212212	971	6.52189	yes
item3	v5	longphase_coh_indel_methyl_gnn_20x_9	2180551	212170	985	5.56762	2180551	212170	985	5.56762	yes
item3	v5	longphase_coh_indel_methyl_gnn_30x_1	2194318	224249	842	5.26985	2194318	224249	842	5.26985	yes
item3	v5	longphase_coh_indel_methyl_gnn_40x_1	2195398	229490	722	4.87790	2195398	229490	722	4.8779	yes
item3	v5	longphase_coh_indel_methyl_gnn_50x_1	2193347	232724	674	3.75797	2193347	232724	674	3.75797	yes
item3	v5	longphase_coh_indel_methyl_gnn_60x_1	2191198	234437	593	3.60243	2191198	234437	593	3.60243	yes
item3	v5	longphase_coh_indel_sv_10x_1	1873896	159257	2907	11.09160	1873896	159257	2907	11.0916	yes
item3	v5	longphase_coh_indel_sv_10x_10	1873933	159059	3016	11.21899	1873933	159059	3016	11.21899	yes
item3	v5	longphase_coh_indel_sv_10x_2	1874119	158903	2951	10.77364	1874119	158903	2951	10.77364	yes
item3	v5	longphase_coh_indel_sv_10x_3	1875177	159394	2928	11.37168	1875177	159394	2928	11.37168	yes
item3	v5	longphase_coh_indel_sv_10x_4	1871700	158836	2899	10.55558	1871700	158836	2899	10.55558	yes
item3	v5	longphase_coh_indel_sv_10x_5	1870508	158764	2901	10.43106	1870508	158764	2901	10.43106	yes
item3	v5	longphase_coh_indel_sv_10x_6	1873808	159292	2917	11.73362	1873808	159292	2917	11.73362	yes
item3	v5	longphase_coh_indel_sv_10x_7	1874917	158978	2990	11.01294	1874917	158978	2990	11.01294	yes
item3	v5	longphase_coh_indel_sv_10x_8	1875730	158915	2981	11.10556	1875730	158915	2981	11.10556	yes
item3	v5	longphase_coh_indel_sv_10x_9	1872065	158734	2846	10.71360	1872065	158734	2846	10.7136	yes
item3	v5	longphase_coh_indel_sv_12x_1	2032957	180216	2624	11.43410	2032957	180216	2624	11.4341	yes
item3	v5	longphase_coh_indel_sv_12x_10	2031588	180418	2717	11.79323	2031588	180418	2717	11.79323	yes
item3	v5	longphase_coh_indel_sv_12x_2	2032740	180319	2576	11.60264	2032740	180319	2576	11.60264	yes
item3	v5	longphase_coh_indel_sv_12x_3	2032425	180077	2541	12.32926	2032425	180077	2541	12.32926	yes
item3	v5	longphase_coh_indel_sv_12x_4	2031684	180203	2587	11.44500	2031684	180203	2587	11.445	yes
item3	v5	longphase_coh_indel_sv_12x_5	2030250	180211	2602	12.66878	2030250	180211	2602	12.66878	yes
item3	v5	longphase_coh_indel_sv_12x_6	2034317	180215	2591	12.13744	2034317	180215	2591	12.13744	yes
item3	v5	longphase_coh_indel_sv_12x_7	2031446	180102	2606	12.07036	2031446	180102	2606	12.07036	yes
item3	v5	longphase_coh_indel_sv_12x_8	2030395	179834	2611	11.73227	2030395	179834	2611	11.73227	yes
item3	v5	longphase_coh_indel_sv_12x_9	2033647	180615	2457	11.28624	2033647	180615	2457	11.28624	yes
item3	v5	longphase_coh_indel_sv_14x_1	2110877	193898	2239	11.26723	2110877	193898	2239	11.26723	yes
item3	v5	longphase_coh_indel_sv_14x_10	2112382	193157	2205	11.00855	2112382	193157	2205	11.00855	yes
item3	v5	longphase_coh_indel_sv_14x_2	2114064	193562	2218	11.46753	2114064	193562	2218	11.46753	yes
item3	v5	longphase_coh_indel_sv_14x_3	2114045	193344	2216	10.87695	2114045	193344	2216	10.87695	yes
item3	v5	longphase_coh_indel_sv_14x_4	2113508	193471	2268	11.57308	2113508	193471	2268	11.57308	yes
item3	v5	longphase_coh_indel_sv_14x_5	2111631	193478	2284	12.85890	2111631	193478	2284	12.8589	yes
item3	v5	longphase_coh_indel_sv_14x_6	2111731	193062	2255	11.90066	2111731	193062	2255	11.90066	yes
item3	v5	longphase_coh_indel_sv_14x_7	2112756	193372	2160	11.34867	2112756	193372	2160	11.34867	yes
item3	v5	longphase_coh_indel_sv_14x_8	2111721	193164	2267	11.41930	2111721	193164	2267	11.4193	yes
item3	v5	longphase_coh_indel_sv_14x_9	2112247	193519	2185	11.30094	2112247	193519	2185	11.30094	yes
item3	v5	longphase_coh_indel_sv_16x_1	2153756	202285	1883	11.02911	2153756	202285	1883	11.02911	yes
item3	v5	longphase_coh_indel_sv_16x_10	2152697	202051	2051	11.57899	2152697	202051	2051	11.57899	yes
item3	v5	longphase_coh_indel_sv_16x_2	2152452	201986	1940	10.61932	2152452	201986	1940	10.61932	yes
item3	v5	longphase_coh_indel_sv_16x_3	2151607	202041	1905	11.36134	2151607	202041	1905	11.36134	yes
item3	v5	longphase_coh_indel_sv_16x_4	2151536	202131	2058	10.40812	2151536	202131	2058	10.40812	yes
item3	v5	longphase_coh_indel_sv_16x_5	2153683	202430	2055	10.42516	2153683	202430	2055	10.42516	yes
item3	v5	longphase_coh_indel_sv_16x_6	2152314	202203	2038	10.83599	2152314	202203	2038	10.83599	yes
item3	v5	longphase_coh_indel_sv_16x_7	2153170	202136	1973	10.77391	2153170	202136	1973	10.77391	yes
item3	v5	longphase_coh_indel_sv_16x_8	2151779	202306	2017	11.46100	2151779	202306	2017	11.461	yes
item3	v5	longphase_coh_indel_sv_16x_9	2153652	202291	1985	10.81370	2153652	202291	1985	10.8137	yes
item3	v5	longphase_coh_indel_sv_18x_1	2173016	208425	1821	10.54718	2173016	208425	1821	10.54718	yes
item3	v5	longphase_coh_indel_sv_18x_10	2174412	208638	1845	10.35250	2174412	208638	1845	10.3525	yes
item3	v5	longphase_coh_indel_sv_18x_2	2175317	208290	1832	10.49684	2175317	208290	1832	10.49684	yes
item3	v5	longphase_coh_indel_sv_18x_3	2173500	208562	1814	9.76414	2173500	208562	1814	9.76414	yes
item3	v5	longphase_coh_indel_sv_18x_4	2174920	208674	1795	10.72398	2174920	208674	1795	10.72398	yes
item3	v5	longphase_coh_indel_sv_18x_5	2173847	208498	1773	10.41292	2173847	208498	1773	10.41292	yes
item3	v5	longphase_coh_indel_sv_18x_6	2174087	208493	1793	9.88253	2174087	208493	1793	9.88253	yes
item3	v5	longphase_coh_indel_sv_18x_7	2175156	208454	1853	10.50243	2175156	208454	1853	10.50243	yes
item3	v5	longphase_coh_indel_sv_18x_8	2174137	208684	1817	10.30313	2174137	208684	1817	10.30313	yes
item3	v5	longphase_coh_indel_sv_18x_9	2173526	208641	1764	9.41969	2173526	208641	1764	9.41969	yes
item3	v5	longphase_coh_indel_sv_20x_1	2184420	212933	1736	10.23859	2184420	212933	1736	10.23859	yes
item3	v5	longphase_coh_indel_sv_20x_10	2183433	213102	1614	9.98429	2183433	213102	1614	9.98429	yes
item3	v5	longphase_coh_indel_sv_20x_2	2185066	212764	1700	10.52641	2185066	212764	1700	10.52641	yes
item3	v5	longphase_coh_indel_sv_20x_3	2184380	212952	1647	9.79415	2184380	212952	1647	9.79415	yes
item3	v5	longphase_coh_indel_sv_20x_4	2184544	213297	1616	9.56341	2184544	213297	1616	9.56341	yes
item3	v5	longphase_coh_indel_sv_20x_5	2184140	212958	1645	9.43684	2184140	212958	1645	9.43684	yes
item3	v5	longphase_coh_indel_sv_20x_6	2183891	213279	1647	10.06450	2183891	213279	1647	10.0645	yes
item3	v5	longphase_coh_indel_sv_20x_7	2184746	213082	1682	9.30705	2184746	213082	1682	9.30705	yes
item3	v5	longphase_coh_indel_sv_20x_8	2184150	213031	1569	9.29564	2184150	213031	1569	9.29564	yes
item3	v5	longphase_coh_indel_sv_20x_9	2183770	213034	1712	9.37258	2183770	213034	1712	9.37258	yes
item3	v5	longphase_coh_indel_sv_30x_1	2196783	224899	1323	8.45146	2196783	224899	1323	8.45146	yes
item3	v5	longphase_coh_indel_sv_40x_1	2197417	230084	1168	7.83287	2197417	230084	1168	7.83287	yes
item3	v5	longphase_coh_indel_sv_50x_1	2194955	233212	1098	6.37729	2194955	233212	1098	6.37729	yes
item3	v5	longphase_coh_indel_sv_60x_1	2192350	234905	952	6.51245	2192350	234905	952	6.51245	yes
item3	v5	longphase_coh_indel_sv_gnn_10x_1	1865762	157402	1686	6.74531	1865762	157402	1686	6.74531	yes
item3	v5	longphase_coh_indel_sv_gnn_10x_10	1865488	157106	1745	6.79003	1865488	157106	1745	6.79003	yes
item3	v5	longphase_coh_indel_sv_gnn_10x_2	1866039	157109	1748	7.27429	1866039	157109	1748	7.27429	yes
item3	v5	longphase_coh_indel_sv_gnn_10x_3	1866561	157480	1686	7.26625	1866561	157480	1686	7.26625	yes
item3	v5	longphase_coh_indel_sv_gnn_10x_4	1863610	156993	1697	6.36496	1863610	156993	1697	6.36496	yes
item3	v5	longphase_coh_indel_sv_gnn_10x_5	1862107	156771	1693	6.05369	1862107	156771	1693	6.05369	yes
item3	v5	longphase_coh_indel_sv_gnn_10x_6	1865654	157416	1684	7.33075	1865654	157416	1684	7.33075	yes
item3	v5	longphase_coh_indel_sv_gnn_10x_7	1866580	157122	1750	7.06639	1866580	157122	1750	7.06639	yes
item3	v5	longphase_coh_indel_sv_gnn_10x_8	1867407	156991	1740	6.90972	1867407	156991	1740	6.90972	yes
item3	v5	longphase_coh_indel_sv_gnn_10x_9	1864012	156840	1681	6.74825	1864012	156840	1681	6.74825	yes
item3	v5	longphase_coh_indel_sv_gnn_12x_1	2025478	178383	1559	7.27809	2025478	178383	1559	7.27809	yes
item3	v5	longphase_coh_indel_sv_gnn_12x_10	2023845	178626	1586	6.95857	2023845	178626	1586	6.95857	yes
item3	v5	longphase_coh_indel_sv_gnn_12x_2	2025220	178554	1490	6.74666	2025220	178554	1490	6.74666	yes
item3	v5	longphase_coh_indel_sv_gnn_12x_3	2025276	178286	1496	7.23469	2025276	178286	1496	7.23469	yes
item3	v5	longphase_coh_indel_sv_gnn_12x_4	2024195	178362	1527	6.58393	2024195	178362	1527	6.58393	yes
item3	v5	longphase_coh_indel_sv_gnn_12x_5	2022256	178327	1406	7.74314	2022256	178327	1406	7.74314	yes
item3	v5	longphase_coh_indel_sv_gnn_12x_6	2026897	178433	1550	7.33348	2026897	178433	1550	7.33348	yes
item3	v5	longphase_coh_indel_sv_gnn_12x_7	2023863	178285	1570	6.79942	2023863	178285	1570	6.79942	yes
item3	v5	longphase_coh_indel_sv_gnn_12x_8	2022673	178016	1478	7.41562	2022673	178016	1478	7.41562	yes
item3	v5	longphase_coh_indel_sv_gnn_12x_9	2026298	178917	1443	6.72391	2026298	178917	1443	6.72391	yes
item3	v5	longphase_coh_indel_sv_gnn_14x_1	2104562	192283	1301	7.09534	2104562	192283	1301	7.09534	yes
item3	v5	longphase_coh_indel_sv_gnn_14x_10	2106196	191601	1333	6.90448	2106196	191601	1333	6.90448	yes
item3	v5	longphase_coh_indel_sv_gnn_14x_2	2107480	191978	1252	6.66692	2107480	191978	1252	6.66692	yes
item3	v5	longphase_coh_indel_sv_gnn_14x_3	2107724	191803	1230	6.55226	2107724	191803	1230	6.55226	yes
item3	v5	longphase_coh_indel_sv_gnn_14x_4	2106947	191848	1322	7.06607	2106947	191848	1322	7.06607	yes
item3	v5	longphase_coh_indel_sv_gnn_14x_5	2105282	191878	1330	7.41530	2105282	191878	1330	7.4153	yes
item3	v5	longphase_coh_indel_sv_gnn_14x_6	2105233	191416	1292	6.92791	2105233	191416	1292	6.92791	yes
item3	v5	longphase_coh_indel_sv_gnn_14x_7	2106226	191707	1247	6.57779	2106226	191707	1247	6.57779	yes
item3	v5	longphase_coh_indel_sv_gnn_14x_8	2105012	191558	1262	6.98313	2105012	191558	1262	6.98313	yes
item3	v5	longphase_coh_indel_sv_gnn_14x_9	2105848	191916	1293	6.47390	2105848	191916	1293	6.4739	yes
item3	v5	longphase_coh_indel_sv_gnn_16x_1	2148333	200807	1134	6.52217	2148333	200807	1134	6.52217	yes
item3	v5	longphase_coh_indel_sv_gnn_16x_10	2147236	200616	1238	6.47048	2147236	200616	1238	6.47048	yes
item3	v5	longphase_coh_indel_sv_gnn_16x_2	2146924	200523	1182	6.47626	2146924	200523	1182	6.47626	yes
item3	v5	longphase_coh_indel_sv_gnn_16x_3	2146292	200525	1131	6.56659	2146292	200525	1131	6.56659	yes
item3	v5	longphase_coh_indel_sv_gnn_16x_4	2146190	200706	1185	6.13829	2146190	200706	1185	6.13829	yes
item3	v5	longphase_coh_indel_sv_gnn_16x_5	2147968	200915	1154	5.68219	2147968	200915	1154	5.68219	yes
item3	v5	longphase_coh_indel_sv_gnn_16x_6	2146874	200806	1221	6.40691	2146874	200806	1221	6.40691	yes
item3	v5	longphase_coh_indel_sv_gnn_16x_7	2147528	200629	1178	6.76561	2147528	200629	1178	6.76561	yes
item3	v5	longphase_coh_indel_sv_gnn_16x_8	2146190	200826	1184	6.08451	2146190	200826	1184	6.08451	yes
item3	v5	longphase_coh_indel_sv_gnn_16x_9	2148199	200838	1124	6.69074	2148199	200838	1124	6.69074	yes
item3	v5	longphase_coh_indel_sv_gnn_18x_1	2168226	207065	1117	5.59196	2168226	207065	1117	5.59196	yes
item3	v5	longphase_coh_indel_sv_gnn_18x_10	2169799	207387	1131	6.04858	2169799	207387	1131	6.04858	yes
item3	v5	longphase_coh_indel_sv_gnn_18x_2	2170719	207163	1104	6.42042	2170719	207163	1104	6.42042	yes
item3	v5	longphase_coh_indel_sv_gnn_18x_3	2168829	207234	1115	5.90566	2168829	207234	1115	5.90566	yes
item3	v5	longphase_coh_indel_sv_gnn_18x_4	2170427	207320	1092	5.75887	2170427	207320	1092	5.75887	yes
item3	v5	longphase_coh_indel_sv_gnn_18x_5	2169148	207248	1075	6.14956	2169148	207248	1075	6.14956	yes
item3	v5	longphase_coh_indel_sv_gnn_18x_6	2169461	207220	1045	5.15525	2169461	207220	1045	5.15525	yes
item3	v5	longphase_coh_indel_sv_gnn_18x_7	2170393	207181	1082	6.47109	2170393	207181	1082	6.47109	yes
item3	v5	longphase_coh_indel_sv_gnn_18x_8	2169127	207326	1081	5.93540	2169127	207326	1081	5.9354	yes
item3	v5	longphase_coh_indel_sv_gnn_18x_9	2168923	207430	1069	6.06952	2168923	207430	1069	6.06952	yes
item3	v5	longphase_coh_indel_sv_gnn_20x_1	2180316	211779	1078	6.30642	2180316	211779	1078	6.30642	yes
item3	v5	longphase_coh_indel_sv_gnn_20x_10	2179314	212001	987	6.12146	2179314	212001	987	6.12146	yes
item3	v5	longphase_coh_indel_sv_gnn_20x_2	2180866	211618	1022	7.03196	2180866	211618	1022	7.03196	yes
item3	v5	longphase_coh_indel_sv_gnn_20x_3	2180314	211801	986	5.88999	2180314	211801	986	5.88999	yes
item3	v5	longphase_coh_indel_sv_gnn_20x_4	2180652	212136	973	5.72253	2180652	212136	973	5.72253	yes
item3	v5	longphase_coh_indel_sv_gnn_20x_5	2180010	211763	1008	5.71069	2180010	211763	1008	5.71069	yes
item3	v5	longphase_coh_indel_sv_gnn_20x_6	2179852	212078	953	6.66620	2179852	212078	953	6.6662	yes
item3	v5	longphase_coh_indel_sv_gnn_20x_7	2180758	211985	1010	5.35702	2180758	211985	1010	5.35702	yes
item3	v5	longphase_coh_indel_sv_gnn_20x_8	2180132	211896	996	5.73967	2180132	211896	996	5.73967	yes
item3	v5	longphase_coh_indel_sv_gnn_20x_9	2179444	211892	997	6.03696	2179444	211892	997	6.03696	yes
item3	v5	longphase_coh_indel_sv_gnn_30x_1	2193958	224068	838	5.06890	2193958	224068	838	5.0689	yes
item3	v5	longphase_coh_indel_sv_gnn_40x_1	2194953	229286	739	4.37885	2194953	229286	739	4.37885	yes
item3	v5	longphase_coh_indel_sv_gnn_50x_1	2192667	232498	673	3.38559	2192667	232498	673	3.38559	yes
item3	v5	longphase_coh_indel_sv_gnn_60x_1	2190396	234216	592	3.45777	2190396	234216	592	3.45777	yes
item3	v5	longphase_cophasing_10x_1	1874424	159308	2920	10.79235	1874424	159308	2920	10.79235	yes
item3	v5	longphase_cophasing_10x_10	1874127	159112	2983	11.79194	1874127	159112	2983	11.79194	yes
item3	v5	longphase_cophasing_10x_2	1874465	158937	2897	10.80546	1874465	158937	2897	10.80546	yes
item3	v5	longphase_cophasing_10x_3	1875622	159447	2901	11.58231	1875622	159447	2901	11.58231	yes
item3	v5	longphase_cophasing_10x_4	1872131	158882	2865	10.65254	1872131	158882	2865	10.65254	yes
item3	v5	longphase_cophasing_10x_5	1870800	158799	2871	10.55074	1870800	158799	2871	10.55074	yes
item3	v5	longphase_cophasing_10x_6	1874144	159323	2870	11.56913	1874144	159323	2870	11.56913	yes
item3	v5	longphase_cophasing_10x_7	1875292	158999	2956	11.17752	1875292	158999	2956	11.17752	yes
item3	v5	longphase_cophasing_10x_8	1876128	158953	2902	10.88393	1876128	158953	2902	10.88393	yes
item3	v5	longphase_cophasing_10x_9	1872541	158772	2808	10.94905	1872541	158772	2808	10.94905	yes
item3	v5	longphase_cophasing_12x_1	2033527	180250	2566	12.06193	2033527	180250	2566	12.06193	yes
item3	v5	longphase_cophasing_12x_10	2032262	180480	2679	12.62321	2032262	180480	2679	12.62321	yes
item3	v5	longphase_cophasing_12x_2	2033214	180368	2528	12.16356	2033214	180368	2528	12.16356	yes
item3	v5	longphase_cophasing_12x_3	2032898	180121	2494	12.51181	2032898	180121	2494	12.51181	yes
item3	v5	longphase_cophasing_12x_4	2032229	180268	2553	11.99165	2032229	180268	2553	11.99165	yes
item3	v5	longphase_cophasing_12x_5	2030693	180260	2565	13.16829	2030693	180260	2565	13.16829	yes
item3	v5	longphase_cophasing_12x_6	2034770	180254	2521	11.99598	2034770	180254	2521	11.99598	yes
item3	v5	longphase_cophasing_12x_7	2031895	180176	2570	12.19195	2031895	180176	2570	12.19195	yes
item3	v5	longphase_cophasing_12x_8	2030708	179854	2558	12.09606	2030708	179854	2558	12.09606	yes
item3	v5	longphase_cophasing_12x_9	2034246	180694	2429	11.26338	2034246	180694	2429	11.26338	yes
item3	v5	longphase_cophasing_14x_1	2111194	193930	2199	11.82340	2111194	193930	2199	11.8234	yes
item3	v5	longphase_cophasing_14x_10	2112685	193200	2164	11.13451	2112685	193200	2164	11.13451	yes
item3	v5	longphase_cophasing_14x_2	2114377	193597	2222	11.87719	2114377	193597	2222	11.87719	yes
item3	v5	longphase_cophasing_14x_3	2114397	193358	2200	11.58844	2114397	193358	2200	11.58844	yes
item3	v5	longphase_cophasing_14x_4	2114053	193533	2244	13.02294	2114053	193533	2244	13.02294	yes
item3	v5	longphase_cophasing_14x_5	2112107	193527	2273	13.75991	2112107	193527	2273	13.75991	yes
item3	v5	longphase_cophasing_14x_6	2112180	193103	2194	12.09414	2112180	193103	2194	12.09414	yes
item3	v5	longphase_cophasing_14x_7	2113068	193407	2157	12.08247	2113068	193407	2157	12.08247	yes
item3	v5	longphase_cophasing_14x_8	2112114	193220	2224	11.54023	2112114	193220	2224	11.54023	yes
item3	v5	longphase_cophasing_14x_9	2112730	193555	2115	11.31177	2112730	193555	2115	11.31177	yes
item3	v5	longphase_cophasing_16x_1	2154260	202330	1846	11.56516	2154260	202330	1846	11.56516	yes
item3	v5	longphase_cophasing_16x_10	2153045	202078	1999	11.21622	2153045	202078	1999	11.21622	yes
item3	v5	longphase_cophasing_16x_2	2152722	202036	1874	11.01647	2152722	202036	1874	11.01647	yes
item3	v5	longphase_cophasing_16x_3	2152110	202063	1865	11.64812	2152110	202063	1865	11.64812	yes
item3	v5	longphase_cophasing_16x_4	2151970	202188	2006	11.48546	2151970	202188	2006	11.48546	yes
item3	v5	longphase_cophasing_16x_5	2154185	202495	1994	11.10813	2154185	202495	1994	11.10813	yes
item3	v5	longphase_cophasing_16x_6	2152753	202264	1989	11.18175	2152753	202264	1989	11.18175	yes
item3	v5	longphase_cophasing_16x_7	2153591	202172	1957	11.68340	2153591	202172	1957	11.6834	yes
item3	v5	longphase_cophasing_16x_8	2152265	202359	1977	12.31088	2152265	202359	1977	12.31088	yes
item3	v5	longphase_cophasing_16x_9	2154088	202328	1952	11.68558	2154088	202328	1952	11.68558	yes
item3	v5	longphase_cophasing_18x_1	2173232	208450	1764	10.60801	2173232	208450	1764	10.60801	yes
item3	v5	longphase_cophasing_18x_10	2174700	208667	1793	11.25555	2174700	208667	1793	11.25555	yes
item3	v5	longphase_cophasing_18x_2	2175610	208328	1801	10.74580	2175610	208328	1801	10.7458	yes
item3	v5	longphase_cophasing_18x_3	2173989	208637	1827	10.40641	2173989	208637	1827	10.40641	yes
item3	v5	longphase_cophasing_18x_4	2175074	208706	1758	11.15719	2175074	208706	1758	11.15719	yes
item3	v5	longphase_cophasing_18x_5	2174321	208544	1706	10.29546	2174321	208544	1706	10.29546	yes
item3	v5	longphase_cophasing_18x_6	2174562	208551	1799	10.80814	2174562	208551	1799	10.80814	yes
item3	v5	longphase_cophasing_18x_7	2175421	208503	1792	9.80605	2175421	208503	1792	9.80605	yes
item3	v5	longphase_cophasing_18x_8	2174328	208689	1781	10.30030	2174328	208689	1781	10.3003	yes
item3	v5	longphase_cophasing_18x_9	2173759	208680	1768	10.54337	2173759	208680	1768	10.54337	yes
item3	v5	longphase_cophasing_20x_1	2184735	212995	1685	10.95054	2184735	212995	1685	10.95054	yes
item3	v5	longphase_cophasing_20x_10	2183778	213150	1579	10.31745	2183778	213150	1579	10.31745	yes
item3	v5	longphase_cophasing_20x_2	2185433	212800	1627	9.96569	2185433	212800	1627	9.96569	yes
item3	v5	longphase_cophasing_20x_3	2184715	213007	1590	9.93965	2184715	213007	1590	9.93965	yes
item3	v5	longphase_cophasing_20x_4	2184797	213332	1549	9.40119	2184797	213332	1549	9.40119	yes
item3	v5	longphase_cophasing_20x_5	2184424	213015	1604	9.17340	2184424	213015	1604	9.1734	yes
item3	v5	longphase_cophasing_20x_6	2184284	213343	1632	10.72841	2184284	213343	1632	10.72841	yes
item3	v5	longphase_cophasing_20x_7	2185295	213160	1647	9.30839	2185295	213160	1647	9.30839	yes
item3	v5	longphase_cophasing_20x_8	2184381	213078	1518	9.75427	2184381	213078	1518	9.75427	yes
item3	v5	longphase_cophasing_20x_9	2184219	213084	1664	9.28397	2184219	213084	1664	9.28397	yes
item3	v5	longphase_cophasing_30x_1	2196860	224921	1316	8.33139	2196860	224921	1316	8.33139	yes
item3	v5	longphase_cophasing_40x_1	2197580	230134	1155	7.94682	2197580	230134	1155	7.94682	yes
item3	v5	longphase_cophasing_50x_1	2195328	233267	1100	7.09221	2195328	233267	1100	7.09221	yes
item3	v5	longphase_cophasing_60x_1	2192861	234944	932	7.23323	2192861	234944	932	7.23323	yes
item3	v5	longphase_cophasing_gnn_10x_1	1866645	157728	1694	6.72983	1866645	157728	1694	6.72983	yes
item3	v5	longphase_cophasing_gnn_10x_10	1866124	157427	1776	7.44330	1866124	157427	1776	7.4433	yes
item3	v5	longphase_cophasing_gnn_10x_2	1866540	157383	1765	7.36816	1866540	157383	1765	7.36816	yes
item3	v5	longphase_cophasing_gnn_10x_3	1867473	157770	1714	7.57616	1867473	157770	1714	7.57616	yes
item3	v5	longphase_cophasing_gnn_10x_4	1864391	157283	1712	6.52599	1864391	157283	1712	6.52599	yes
item3	v5	longphase_cophasing_gnn_10x_5	1862698	157037	1717	6.36836	1862698	157037	1717	6.36836	yes
item3	v5	longphase_cophasing_gnn_10x_6	1866391	157679	1726	7.43913	1866391	157679	1726	7.43913	yes
item3	v5	longphase_cophasing_gnn_10x_7	1867267	157384	1759	7.50687	1867267	157384	1759	7.50687	yes
item3	v5	longphase_cophasing_gnn_10x_8	1868001	157287	1712	6.85078	1868001	157287	1712	6.85078	yes
item3	v5	longphase_cophasing_gnn_10x_9	1864677	157103	1687	6.77400	1864677	157103	1687	6.774	yes
item3	v5	longphase_cophasing_gnn_12x_1	2026745	178760	1579	7.72170	2026745	178760	1579	7.7217	yes
item3	v5	longphase_cophasing_gnn_12x_10	2025175	178966	1588	7.68309	2025175	178966	1588	7.68309	yes
item3	v5	longphase_cophasing_gnn_12x_2	2026316	178902	1496	7.20343	2026316	178902	1496	7.20343	yes
item3	v5	longphase_cophasing_gnn_12x_3	2026197	178653	1500	7.48792	2026197	178653	1500	7.48792	yes
item3	v5	longphase_cophasing_gnn_12x_4	2025396	178706	1530	7.12099	2025396	178706	1530	7.12099	yes
item3	v5	longphase_cophasing_gnn_12x_5	2023083	178647	1422	8.46163	2023083	178647	1422	8.46163	yes
item3	v5	longphase_cophasing_gnn_12x_6	2028132	178734	1552	7.65151	2028132	178734	1552	7.65151	yes
item3	v5	longphase_cophasing_gnn_12x_7	2024923	178629	1577	7.17905	2024923	178629	1577	7.17905	yes
item3	v5	longphase_cophasing_gnn_12x_8	2023625	178363	1482	7.78790	2023625	178363	1482	7.7879	yes
item3	v5	longphase_cophasing_gnn_12x_9	2027339	179242	1452	6.94216	2027339	179242	1452	6.94216	yes
item3	v5	longphase_cophasing_gnn_14x_1	2105372	192652	1326	7.46719	2105372	192652	1326	7.46719	yes
item3	v5	longphase_cophasing_gnn_14x_10	2106998	191915	1336	6.99136	2106998	191915	1336	6.99136	yes
item3	v5	longphase_cophasing_gnn_14x_2	2108399	192222	1291	6.94877	2108399	192222	1291	6.94877	yes
item3	v5	longphase_cophasing_gnn_14x_3	2108583	192062	1271	7.07491	2108583	192062	1271	7.07491	yes
item3	v5	longphase_cophasing_gnn_14x_4	2108131	192229	1367	8.12376	2108131	192229	1367	8.12376	yes
item3	v5	longphase_cophasing_gnn_14x_5	2106398	192229	1343	8.54317	2106398	192229	1343	8.54317	yes
item3	v5	longphase_cophasing_gnn_14x_6	2106447	191798	1304	7.48693	2106447	191798	1304	7.48693	yes
item3	v5	longphase_cophasing_gnn_14x_7	2107352	192078	1289	7.48673	2107352	192078	1289	7.48673	yes
item3	v5	longphase_cophasing_gnn_14x_8	2106207	191903	1281	7.47365	2106207	191903	1281	7.47365	yes
item3	v5	longphase_cophasing_gnn_14x_9	2107210	192300	1260	7.23553	2107210	192300	1260	7.23553	yes
item3	v5	longphase_cophasing_gnn_16x_1	2149543	201149	1135	7.29766	2149543	201149	1135	7.29766	yes
item3	v5	longphase_cophasing_gnn_16x_10	2148209	200949	1236	6.12619	2148209	200949	1236	6.12619	yes
item3	v5	longphase_cophasing_gnn_16x_2	2147911	200861	1177	6.69457	2147911	200861	1177	6.69457	yes
item3	v5	longphase_cophasing_gnn_16x_3	2147229	200884	1134	6.89488	2147229	200884	1134	6.89488	yes
item3	v5	longphase_cophasing_gnn_16x_4	2147093	201021	1168	7.12971	2147093	201021	1168	7.12971	yes
item3	v5	longphase_cophasing_gnn_16x_5	2149183	201264	1133	6.10111	2149183	201264	1133	6.10111	yes
item3	v5	longphase_cophasing_gnn_16x_6	2147968	201189	1222	6.68862	2147968	201189	1222	6.68862	yes
item3	v5	longphase_cophasing_gnn_16x_7	2148721	201001	1174	7.34853	2148721	201001	1174	7.34853	yes
item3	v5	longphase_cophasing_gnn_16x_8	2147546	201214	1203	7.18848	2147546	201214	1203	7.18848	yes
item3	v5	longphase_cophasing_gnn_16x_9	2149342	201175	1140	6.85462	2149342	201175	1140	6.85462	yes
item3	v5	longphase_cophasing_gnn_18x_1	2169034	207367	1087	5.78460	2169034	207367	1087	5.7846	yes
item3	v5	longphase_cophasing_gnn_18x_10	2170673	207648	1107	6.95771	2170673	207648	1107	6.95771	yes
item3	v5	longphase_cophasing_gnn_18x_2	2171364	207392	1090	6.98661	2171364	207392	1090	6.98661	yes
item3	v5	longphase_cophasing_gnn_18x_3	2169867	207547	1138	6.43978	2169867	207547	1138	6.43978	yes
item3	v5	longphase_cophasing_gnn_18x_4	2171005	207629	1095	6.71600	2171005	207629	1095	6.716	yes
item3	v5	longphase_cophasing_gnn_18x_5	2170292	207605	1065	6.57177	2170292	207605	1065	6.57177	yes
item3	v5	longphase_cophasing_gnn_18x_6	2170423	207572	1074	6.35003	2170423	207572	1074	6.35003	yes
item3	v5	longphase_cophasing_gnn_18x_7	2171210	207496	1060	6.33006	2171210	207496	1060	6.33006	yes
item3	v5	longphase_cophasing_gnn_18x_8	2169949	207617	1097	5.95796	2169949	207617	1097	5.95796	yes
item3	v5	longphase_cophasing_gnn_18x_9	2169752	207728	1081	6.47100	2169752	207728	1081	6.471	yes
item3	v5	longphase_cophasing_gnn_20x_1	2181227	212123	1058	6.96439	2181227	212123	1058	6.96439	yes
item3	v5	longphase_cophasing_gnn_20x_10	2180096	212281	978	6.33337	2180096	212281	978	6.33337	yes
item3	v5	longphase_cophasing_gnn_20x_2	2181741	211868	1003	6.34959	2181741	211868	1003	6.34959	yes
item3	v5	longphase_cophasing_gnn_20x_3	2181253	212132	958	6.39827	2181253	212132	958	6.39827	yes
item3	v5	longphase_cophasing_gnn_20x_4	2181450	212437	937	5.53437	2181450	212437	937	5.53437	yes
item3	v5	longphase_cophasing_gnn_20x_5	2180767	212045	976	5.10341	2180767	212045	976	5.10341	yes
item3	v5	longphase_cophasing_gnn_20x_6	2180602	212321	948	6.66922	2180602	212321	948	6.66922	yes
item3	v5	longphase_cophasing_gnn_20x_7	2181792	212311	993	5.84273	2181792	212311	993	5.84273	yes
item3	v5	longphase_cophasing_gnn_20x_8	2180901	212185	972	6.43495	2180901	212185	972	6.43495	yes
item3	v5	longphase_cophasing_gnn_20x_9	2180463	212169	986	5.70729	2180463	212169	986	5.70729	yes
item3	v5	longphase_cophasing_gnn_30x_1	2194340	224236	863	5.50110	2194340	224236	863	5.5011	yes
item3	v5	longphase_cophasing_gnn_40x_1	2195310	229475	745	4.90261	2195310	229475	745	4.90261	yes
item3	v5	longphase_cophasing_gnn_50x_1	2193283	232684	678	3.76230	2193283	232684	678	3.7623	yes
item3	v5	longphase_cophasing_gnn_60x_1	2191172	234414	585	3.33865	2191172	234414	585	3.33865	yes
item3	v5	whatshap_v28_10x_1	1889881	169937	5101	12.47445	1889881	169937	5101	12.47445	yes
item3	v5	whatshap_v28_10x_10	1888697	169623	5273	12.60822	1888697	169623	5273	12.60822	yes
item3	v5	whatshap_v28_10x_2	1890536	169737	5036	12.03955	1890536	169737	5036	12.03955	yes
item3	v5	whatshap_v28_10x_3	1890020	170051	5228	12.69110	1890020	170051	5228	12.6911	yes
item3	v5	whatshap_v28_10x_4	1887499	169685	5101	11.85421	1887499	169685	5101	11.85421	yes
item3	v5	whatshap_v28_10x_5	1885312	169497	5230	11.81279	1885312	169497	5230	11.81279	yes
item3	v5	whatshap_v28_10x_6	1888638	169852	5249	12.30965	1888638	169852	5249	12.30965	yes
item3	v5	whatshap_v28_10x_7	1890584	169825	5217	12.00813	1890584	169825	5217	12.00813	yes
item3	v5	whatshap_v28_10x_8	1890878	169640	5151	12.19304	1890878	169640	5151	12.19304	yes
item3	v5	whatshap_v28_10x_9	1887562	169568	5151	11.60418	1887562	169568	5151	11.60418	yes
item3	v5	whatshap_v28_12x_1	2048905	192801	4965	13.64997	2048905	192801	4965	13.64997	yes
item3	v5	whatshap_v28_12x_10	2047308	192837	4993	13.18170	2047308	192837	4993	13.1817	yes
item3	v5	whatshap_v28_12x_2	2048251	192525	4917	13.25303	2048251	192525	4917	13.25303	yes
item3	v5	whatshap_v28_12x_3	2047577	192340	5036	14.37060	2047577	192340	5036	14.3706	yes
item3	v5	whatshap_v28_12x_4	2046922	192622	4829	13.41587	2046922	192622	4829	13.41587	yes
item3	v5	whatshap_v28_12x_5	2045791	192463	4983	13.60689	2045791	192463	4983	13.60689	yes
item3	v5	whatshap_v28_12x_6	2049896	192665	4843	13.03700	2049896	192665	4843	13.037	yes
item3	v5	whatshap_v28_12x_7	2046963	192443	5002	13.54762	2046963	192443	5002	13.54762	yes
item3	v5	whatshap_v28_12x_8	2046171	192196	5216	12.98003	2046171	192196	5216	12.98003	yes
item3	v5	whatshap_v28_12x_9	2048836	192927	4975	13.11306	2048836	192927	4975	13.11306	yes
item3	v5	whatshap_v28_14x_1	2126108	207094	4541	13.69874	2126108	207094	4541	13.69874	yes
item3	v5	whatshap_v28_14x_10	2127340	206663	4699	12.77555	2127340	206663	4699	12.77555	yes
item3	v5	whatshap_v28_14x_2	2129951	206985	4475	12.49915	2129951	206985	4475	12.49915	yes
item3	v5	whatshap_v28_14x_3	2129560	206742	4427	13.19084	2129560	206742	4427	13.19084	yes
item3	v5	whatshap_v28_14x_4	2129189	206844	4749	13.57595	2129189	206844	4749	13.57595	yes
item3	v5	whatshap_v28_14x_5	2127916	206904	4773	14.11757	2127916	206904	4773	14.11757	yes
item3	v5	whatshap_v28_14x_6	2127026	206489	4529	12.88836	2127026	206489	4529	12.88836	yes
item3	v5	whatshap_v28_14x_7	2128323	206750	4509	13.01968	2128323	206750	4509	13.01968	yes
item3	v5	whatshap_v28_14x_8	2127678	206605	4684	13.40546	2127678	206605	4684	13.40546	yes
item3	v5	whatshap_v28_14x_9	2128066	206943	4517	13.79828	2128066	206943	4517	13.79828	yes
item3	v5	whatshap_v28_16x_1	2168618	216450	3972	11.93955	2168618	216450	3972	11.93955	yes
item3	v5	whatshap_v28_16x_10	2167323	216389	4133	13.73657	2167323	216389	4133	13.73657	yes
item3	v5	whatshap_v28_16x_2	2168262	216452	4267	12.79447	2168262	216452	4267	12.79447	yes
item3	v5	whatshap_v28_16x_3	2167323	216067	4121	12.59972	2167323	216067	4121	12.59972	yes
item3	v5	whatshap_v28_16x_4	2167289	216346	4129	12.76161	2167289	216346	4129	12.76161	yes
item3	v5	whatshap_v28_16x_5	2169153	216636	4142	13.84562	2169153	216636	4142	13.84562	yes
item3	v5	whatshap_v28_16x_6	2167157	216445	4356	12.45884	2167157	216445	4356	12.45884	yes
item3	v5	whatshap_v28_16x_7	2168412	216362	4202	14.05586	2168412	216362	4202	14.05586	yes
item3	v5	whatshap_v28_16x_8	2167370	216560	4289	12.75627	2167370	216560	4289	12.75627	yes
item3	v5	whatshap_v28_16x_9	2169354	216537	4349	12.76819	2169354	216537	4349	12.76819	yes
item3	v5	whatshap_v28_18x_1	2188128	223597	3955	11.98030	2188128	223597	3955	11.9803	yes
item3	v5	whatshap_v28_18x_10	2189352	223715	4130	11.02474	2189352	223715	4130	11.02474	yes
item3	v5	whatshap_v28_18x_2	2190696	223399	3890	12.16827	2190696	223399	3890	12.16827	yes
item3	v5	whatshap_v28_18x_3	2188850	223649	3855	12.80486	2188850	223649	3855	12.80486	yes
item3	v5	whatshap_v28_18x_4	2190472	223866	3787	11.72293	2190472	223866	3787	11.72293	yes
item3	v5	whatshap_v28_18x_5	2189057	223571	3728	12.11680	2189057	223571	3728	12.1168	yes
item3	v5	whatshap_v28_18x_6	2190539	223551	3893	11.06615	2190539	223551	3893	11.06615	yes
item3	v5	whatshap_v28_18x_7	2189944	223434	3863	12.03738	2189944	223434	3863	12.03738	yes
item3	v5	whatshap_v28_18x_8	2189191	223727	3995	11.79444	2189191	223727	3995	11.79444	yes
item3	v5	whatshap_v28_18x_9	2189132	223882	4059	11.94953	2189132	223882	4059	11.94953	yes
item3	v5	whatshap_v28_20x_1	2200436	228720	3441	10.57851	2200436	228720	3441	10.57851	yes
item3	v5	whatshap_v28_20x_10	2199108	229091	3608	11.98303	2199108	229091	3608	11.98303	yes
item3	v5	whatshap_v28_20x_2	2200009	228614	3522	11.40274	2200009	228614	3522	11.40274	yes
item3	v5	whatshap_v28_20x_3	2199395	228947	3744	11.84241	2199395	228947	3744	11.84241	yes
item3	v5	whatshap_v28_20x_4	2199601	228983	3757	11.15823	2199601	228983	3757	11.15823	yes
item3	v5	whatshap_v28_20x_5	2199091	228762	3689	11.90851	2199091	228762	3689	11.90851	yes
item3	v5	whatshap_v28_20x_6	2199358	229206	3811	11.92476	2199358	229206	3811	11.92476	yes
item3	v5	whatshap_v28_20x_7	2200223	228977	3794	10.93334	2200223	228977	3794	10.93334	yes
item3	v5	whatshap_v28_20x_8	2199211	228821	3743	10.69410	2199211	228821	3743	10.6941	yes
item3	v5	whatshap_v28_20x_9	2199321	228724	3718	12.06475	2199321	228724	3718	12.06475	yes
item3	v5	whatshap_v28_30x_1	2213472	243513	3027	9.70711	2213472	243513	3027	9.70711	yes
item3	v5	whatshap_v28_40x_1	2215645	250622	2572	10.40289	2215645	250622	2572	10.40289	yes
item3	v5	whatshap_v28_50x_1	2216012	254935	2346	8.45871	2216012	254935	2346	8.45871	yes
item3	v5	whatshap_v28_60x_1	2215208	257426	2139	9.29256	2215208	257426	2139	9.29256	yes
item4	v4	hapcut2_v134_10x_1	1787249	0	3041	7.77084	1787249	0	3041	7.77084	yes
item4	v4	hapcut2_v134_10x_10	1786687	0	3063	8.32165	1786687	0	3063	8.32165	yes
item4	v4	hapcut2_v134_10x_2	1788169	0	3063	7.82592	1788169	0	3063	7.82592	yes
item4	v4	hapcut2_v134_10x_3	1789114	0	3081	7.81433	1789114	0	3081	7.81433	yes
item4	v4	hapcut2_v134_10x_4	1785489	0	3032	7.24913	1785489	0	3032	7.24913	yes
item4	v4	hapcut2_v134_10x_5	1781570	0	3001	6.92484	1781570	0	3001	6.92484	yes
item4	v4	hapcut2_v134_10x_6	1786533	0	3065	7.42086	1786533	0	3065	7.42086	yes
item4	v4	hapcut2_v134_10x_7	1788607	0	3036	7.50960	1788607	0	3036	7.5096	yes
item4	v4	hapcut2_v134_10x_8	1789557	0	3108	7.66454	1789557	0	3108	7.66454	yes
item4	v4	hapcut2_v134_10x_9	1785665	0	3005	7.42399	1785665	0	3005	7.42399	yes
item4	v4	hapcut2_v134_12x_1	1935800	0	3005	8.35659	1935800	0	3005	8.35659	yes
item4	v4	hapcut2_v134_12x_10	1936102	0	2884	7.93534	1936102	0	2884	7.93534	yes
item4	v4	hapcut2_v134_12x_2	1936104	0	3000	8.05931	1936104	0	3000	8.05931	yes
item4	v4	hapcut2_v134_12x_3	1935332	0	2877	8.09183	1935332	0	2877	8.09183	yes
item4	v4	hapcut2_v134_12x_4	1934734	0	2936	7.70312	1934734	0	2936	7.70312	yes
item4	v4	hapcut2_v134_12x_5	1934790	0	2911	7.99933	1934790	0	2911	7.99933	yes
item4	v4	hapcut2_v134_12x_6	1937020	0	2927	7.33065	1937020	0	2927	7.33065	yes
item4	v4	hapcut2_v134_12x_7	1935384	0	2939	7.68655	1935384	0	2939	7.68655	yes
item4	v4	hapcut2_v134_12x_8	1934463	0	3057	8.14697	1934463	0	3057	8.14697	yes
item4	v4	hapcut2_v134_12x_9	1936901	0	2878	7.71173	1936901	0	2878	7.71173	yes
item4	v4	hapcut2_v134_14x_1	2009114	0	2755	7.23774	2009114	0	2755	7.23774	yes
item4	v4	hapcut2_v134_14x_10	2009035	0	2619	6.60601	2009035	0	2619	6.60601	yes
item4	v4	hapcut2_v134_14x_2	2012730	0	2763	6.56497	2012730	0	2763	6.56497	yes
item4	v4	hapcut2_v134_14x_3	2012201	0	2707	6.30915	2012201	0	2707	6.30915	yes
item4	v4	hapcut2_v134_14x_4	2011041	0	2800	7.38926	2011041	0	2800	7.38926	yes
item4	v4	hapcut2_v134_14x_5	2009876	0	2671	7.53891	2009876	0	2671	7.53891	yes
item4	v4	hapcut2_v134_14x_6	2008990	0	2735	7.00895	2008990	0	2735	7.00895	yes
item4	v4	hapcut2_v134_14x_7	2010659	0	2738	6.06109	2010659	0	2738	6.06109	yes
item4	v4	hapcut2_v134_14x_8	2009677	0	2731	7.41642	2009677	0	2731	7.41642	yes
item4	v4	hapcut2_v134_14x_9	2010392	0	2690	7.20091	2010392	0	2690	7.20091	yes
item4	v4	hapcut2_v134_16x_1	2048229	0	2572	5.97029	2048229	0	2572	5.97029	yes
item4	v4	hapcut2_v134_16x_10	2047735	0	2538	5.88806	2047735	0	2538	5.88806	yes
item4	v4	hapcut2_v134_16x_2	2046078	0	2484	6.02217	2046078	0	2484	6.02217	yes
item4	v4	hapcut2_v134_16x_3	2046780	0	2575	6.21989	2046780	0	2575	6.21989	yes
item4	v4	hapcut2_v134_16x_4	2047383	0	2514	5.51052	2047383	0	2514	5.51052	yes
item4	v4	hapcut2_v134_16x_5	2048839	0	2574	6.24355	2048839	0	2574	6.24355	yes
item4	v4	hapcut2_v134_16x_6	2047492	0	2569	5.20389	2047492	0	2569	5.20389	yes
item4	v4	hapcut2_v134_16x_7	2047852	0	2593	6.03480	2047852	0	2593	6.0348	yes
item4	v4	hapcut2_v134_16x_8	2047741	0	2558	6.60294	2047741	0	2558	6.60294	yes
item4	v4	hapcut2_v134_16x_9	2049032	0	2612	5.68809	2049032	0	2612	5.68809	yes
item4	v4	hapcut2_v134_18x_1	2067323	0	2473	4.75746	2067323	0	2473	4.75746	yes
item4	v4	hapcut2_v134_18x_10	2065938	0	2431	4.87043	2065938	0	2431	4.87043	yes
item4	v4	hapcut2_v134_18x_2	2067839	0	2454	5.84290	2067839	0	2454	5.8429	yes
item4	v4	hapcut2_v134_18x_3	2067601	0	2451	5.38811	2067601	0	2451	5.38811	yes
item4	v4	hapcut2_v134_18x_4	2068370	0	2435	5.07065	2068370	0	2435	5.07065	yes
item4	v4	hapcut2_v134_18x_5	2067418	0	2443	4.98018	2067418	0	2443	4.98018	yes
item4	v4	hapcut2_v134_18x_6	2068408	0	2426	5.02375	2068408	0	2426	5.02375	yes
item4	v4	hapcut2_v134_18x_7	2066549	0	2447	5.08278	2066549	0	2447	5.08278	yes
item4	v4	hapcut2_v134_18x_8	2068213	0	2456	5.00082	2068213	0	2456	5.00082	yes
item4	v4	hapcut2_v134_18x_9	2066506	0	2325	5.16704	2066506	0	2325	5.16704	yes
item4	v4	hapcut2_v134_20x_1	2076343	0	2292	3.78780	2076343	0	2292	3.7878	yes
item4	v4	hapcut2_v134_20x_10	2076205	0	2406	4.65989	2076205	0	2406	4.65989	yes
item4	v4	hapcut2_v134_20x_2	2076507	0	2340	4.04405	2076507	0	2340	4.04405	yes
item4	v4	hapcut2_v134_20x_3	2077653	0	2368	4.28936	2077653	0	2368	4.28936	yes
item4	v4	hapcut2_v134_20x_4	2076180	0	2371	4.14815	2076180	0	2371	4.14815	yes
item4	v4	hapcut2_v134_20x_5	2076046	0	2305	4.52487	2076046	0	2305	4.52487	yes
item4	v4	hapcut2_v134_20x_6	2076067	0	2316	3.66047	2076067	0	2316	3.66047	yes
item4	v4	hapcut2_v134_20x_7	2077159	0	2338	3.63783	2077159	0	2338	3.63783	yes
item4	v4	hapcut2_v134_20x_8	2077649	0	2404	3.90917	2077649	0	2404	3.90917	yes
item4	v4	hapcut2_v134_20x_9	2075667	0	2317	4.26926	2075667	0	2317	4.26926	yes
item4	v4	hapcut2_v134_30x_1	2090693	0	2202	2.46071	2090693	0	2202	2.46071	yes
item4	v4	hapcut2_v134_40x_1	2094256	0	2171	2.71838	2094256	0	2171	2.71838	yes
item4	v4	hapcut2_v134_50x_1	2095584	0	2133	2.03359	2095584	0	2133	2.03359	yes
item4	v4	hapcut2_v134_60x_1	2095967	0	2088	2.01528	2095967	0	2088	2.01528	yes
item4	v4	longphase_10x_1	1777449	0	2299	6.78789					no_table_value
item4	v4	longphase_10x_10	1777116	0	2222	7.47122					no_table_value
item4	v4	longphase_10x_2	1778719	0	2244	6.93680					no_table_value
item4	v4	longphase_10x_3	1779526	0	2306	7.23301					no_table_value
item4	v4	longphase_10x_4	1775456	0	2267	6.59985					no_table_value
item4	v4	longphase_10x_5	1772873	0	2294	6.46887					no_table_value
item4	v4	longphase_10x_6	1777263	0	2294	7.04759					no_table_value
item4	v4	longphase_10x_7	1778807	0	2230	6.96594					no_table_value
item4	v4	longphase_10x_8	1779856	0	2272	6.94860					no_table_value
item4	v4	longphase_10x_9	1776442	0	2255	6.77364					no_table_value
item4	v4	longphase_12x_1	1927626	0	2213	7.71830					no_table_value
item4	v4	longphase_12x_10	1926580	0	2165	7.57404					no_table_value
item4	v4	longphase_12x_2	1926760	0	2205	7.17028					no_table_value
item4	v4	longphase_12x_3	1926810	0	2139	7.45286					no_table_value
item4	v4	longphase_12x_4	1925966	0	2188	6.92027					no_table_value
item4	v4	longphase_12x_5	1925666	0	2092	7.32074					no_table_value
item4	v4	longphase_12x_6	1927969	0	2130	6.45506					no_table_value
item4	v4	longphase_12x_7	1925927	0	2198	6.63276					no_table_value
item4	v4	longphase_12x_8	1925194	0	2178	6.79511					no_table_value
item4	v4	longphase_12x_9	1927480	0	2128	6.77957					no_table_value
item4	v4	longphase_14x_1	2000422	0	2011	7.02300					no_table_value
item4	v4	longphase_14x_10	2002172	0	1950	6.15641					no_table_value
item4	v4	longphase_14x_2	2003930	0	2038	6.44770					no_table_value
item4	v4	longphase_14x_3	2003812	0	2000	5.64155					no_table_value
item4	v4	longphase_14x_4	2002218	0	2022	6.18710					no_table_value
item4	v4	longphase_14x_5	2002547	0	2036	7.07185					no_table_value
item4	v4	longphase_14x_6	2000355	0	1967	6.22712					no_table_value
item4	v4	longphase_14x_7	2001914	0	2010	5.52512					no_table_value
item4	v4	longphase_14x_8	2000680	0	1947	6.67557					no_table_value
item4	v4	longphase_14x_9	2001644	0	1992	6.20507					no_table_value
item4	v4	longphase_16x_1	2040037	0	1867	5.52204					no_table_value
item4	v4	longphase_16x_10	2039803	0	1848	5.40753					no_table_value
item4	v4	longphase_16x_2	2039538	0	1881	5.39994					no_table_value
item4	v4	longphase_16x_3	2038583	0	1850	5.25501					no_table_value
item4	v4	longphase_16x_4	2039100	0	1876	5.14109					no_table_value
item4	v4	longphase_16x_5	2040671	0	1891	5.52515					no_table_value
item4	v4	longphase_16x_6	2039642	0	1923	4.79302					no_table_value
item4	v4	longphase_16x_7	2039651	0	1913	5.63337					no_table_value
item4	v4	longphase_16x_8	2039433	0	1898	5.46401					no_table_value
item4	v4	longphase_16x_9	2040932	0	1915	5.25135					no_table_value
item4	v4	longphase_18x_1	2059368	0	1824	4.76600					no_table_value
item4	v4	longphase_18x_10	2059581	0	1818	4.85232					no_table_value
item4	v4	longphase_18x_2	2059926	0	1823	4.55047					no_table_value
item4	v4	longphase_18x_3	2059613	0	1809	4.89188					no_table_value
item4	v4	longphase_18x_4	2060551	0	1832	4.39354					no_table_value
item4	v4	longphase_18x_5	2059125	0	1766	4.26791					no_table_value
item4	v4	longphase_18x_6	2060246	0	1806	4.67384					no_table_value
item4	v4	longphase_18x_7	2060067	0	1842	4.44343					no_table_value
item4	v4	longphase_18x_8	2059957	0	1833	4.67025					no_table_value
item4	v4	longphase_18x_9	2059472	0	1793	4.41388					no_table_value
item4	v4	longphase_20x_1	2069427	0	1791	3.88545					no_table_value
item4	v4	longphase_20x_10	2069316	0	1831	4.18275					no_table_value
item4	v4	longphase_20x_2	2070020	0	1747	4.21557					no_table_value
item4	v4	longphase_20x_3	2070261	0	1727	3.55572					no_table_value
item4	v4	longphase_20x_4	2069489	0	1745	3.96910					no_table_value
item4	v4	longphase_20x_5	2069599	0	1772	4.74025					no_table_value
item4	v4	longphase_20x_6	2069579	0	1792	4.04033					no_table_value
item4	v4	longphase_20x_7	2070173	0	1767	3.71447					no_table_value
item4	v4	longphase_20x_8	2069939	0	1759	3.74508					no_table_value
item4	v4	longphase_20x_9	2069109	0	1757	3.30807					no_table_value
item4	v4	longphase_30x_1	2083469	0	1691	2.30965					no_table_value
item4	v4	longphase_40x_1	2085680	0	1704	2.21700					no_table_value
item4	v4	longphase_50x_1	2084558	0	1709	1.73568					no_table_value
item4	v4	longphase_60x_1	2083227	0	1708	1.68346					no_table_value
item4	v4	longphase_gnn_10x_1	1773525	0	1829	5.25199	1773525	0	1829	5.25199	yes
item4	v4	longphase_gnn_10x_10	1773360	0	1831	5.59824	1773360	0	1831	5.59824	yes
item4	v4	longphase_gnn_10x_2	1774923	0	1786	5.32688	1774923	0	1786	5.32688	yes
item4	v4	longphase_gnn_10x_3	1775762	0	1828	5.61848	1775762	0	1828	5.61848	yes
item4	v4	longphase_gnn_10x_4	1771561	0	1834	4.91177	1771561	0	1834	4.91177	yes
item4	v4	longphase_gnn_10x_5	1769057	0	1834	4.95868	1769057	0	1834	4.95868	yes
item4	v4	longphase_gnn_10x_6	1773404	0	1841	5.24878	1773404	0	1841	5.24878	yes
item4	v4	longphase_gnn_10x_7	1775121	0	1766	5.36724	1775121	0	1766	5.36724	yes
item4	v4	longphase_gnn_10x_8	1776026	0	1844	5.45963	1776026	0	1844	5.45963	yes
item4	v4	longphase_gnn_10x_9	1772493	0	1806	5.22375	1772493	0	1806	5.22375	yes
item4	v4	longphase_gnn_12x_1	1924508	0	1850	6.00582	1924508	0	1850	6.00582	yes
item4	v4	longphase_gnn_12x_10	1923496	0	1821	5.44137	1923496	0	1821	5.44137	yes
item4	v4	longphase_gnn_12x_2	1923527	0	1820	5.49363	1923527	0	1820	5.49363	yes
item4	v4	longphase_gnn_12x_3	1923863	0	1818	5.76358	1923863	0	1818	5.76358	yes
item4	v4	longphase_gnn_12x_4	1922834	0	1825	5.21832	1922834	0	1825	5.21832	yes
item4	v4	longphase_gnn_12x_5	1922577	0	1758	5.52408	1922577	0	1758	5.52408	yes
item4	v4	longphase_gnn_12x_6	1924924	0	1805	4.84254	1924924	0	1805	4.84254	yes
item4	v4	longphase_gnn_12x_7	1922804	0	1831	4.80663	1922804	0	1831	4.80663	yes
item4	v4	longphase_gnn_12x_8	1922065	0	1757	5.35916	1922065	0	1757	5.35916	yes
item4	v4	longphase_gnn_12x_9	1924420	0	1754	5.20489	1924420	0	1754	5.20489	yes
item4	v4	longphase_gnn_14x_1	1998079	0	1734	5.72425	1998079	0	1734	5.72425	yes
item4	v4	longphase_gnn_14x_10	1999965	0	1695	4.76250	1999965	0	1695	4.7625	yes
item4	v4	longphase_gnn_14x_2	2001479	0	1751	4.62956	2001479	0	1751	4.62956	yes
item4	v4	longphase_gnn_14x_3	2001530	0	1730	4.41637	2001530	0	1730	4.41637	yes
item4	v4	longphase_gnn_14x_4	1999831	0	1764	4.83779	1999831	0	1764	4.83779	yes
item4	v4	longphase_gnn_14x_5	2000138	0	1771	5.61014	2000138	0	1771	5.61014	yes
item4	v4	longphase_gnn_14x_6	1998172	0	1711	4.69191	1998172	0	1711	4.69191	yes
item4	v4	longphase_gnn_14x_7	1999480	0	1712	3.93182	1999480	0	1712	3.93182	yes
item4	v4	longphase_gnn_14x_8	1998305	0	1703	5.34393	1998305	0	1703	5.34393	yes
item4	v4	longphase_gnn_14x_9	1999415	0	1751	4.76853	1999415	0	1751	4.76853	yes
item4	v4	longphase_gnn_16x_1	2038333	0	1680	4.35487	2038333	0	1680	4.35487	yes
item4	v4	longphase_gnn_16x_10	2038083	0	1675	4.44488	2038083	0	1675	4.44488	yes
item4	v4	longphase_gnn_16x_2	2037799	0	1708	4.22715	2037799	0	1708	4.22715	yes
item4	v4	longphase_gnn_16x_3	2036813	0	1658	3.64944	2036813	0	1658	3.64944	yes
item4	v4	longphase_gnn_16x_4	2037440	0	1698	4.22737	2037440	0	1698	4.22737	yes
item4	v4	longphase_gnn_16x_5	2038823	0	1685	4.26088	2038823	0	1685	4.26088	yes
item4	v4	longphase_gnn_16x_6	2037819	0	1719	3.90998	2037819	0	1719	3.90998	yes
item4	v4	longphase_gnn_16x_7	2038026	0	1727	4.28736	2038026	0	1727	4.28736	yes
item4	v4	longphase_gnn_16x_8	2037708	0	1723	4.19719	2037708	0	1723	4.19719	yes
item4	v4	longphase_gnn_16x_9	2039082	0	1717	3.88070	2039082	0	1717	3.8807	yes
item4	v4	longphase_gnn_18x_1	2058043	0	1685	3.70768	2058043	0	1685	3.70768	yes
item4	v4	longphase_gnn_18x_10	2058223	0	1664	3.64964	2058223	0	1664	3.64964	yes
item4	v4	longphase_gnn_18x_2	2058612	0	1679	3.37914	2058612	0	1679	3.37914	yes
item4	v4	longphase_gnn_18x_3	2058199	0	1663	4.11412	2058199	0	1663	4.11412	yes
item4	v4	longphase_gnn_18x_4	2059200	0	1695	3.52194	2059200	0	1695	3.52194	yes
item4	v4	longphase_gnn_18x_5	2057789	0	1625	3.28203	2057789	0	1625	3.28203	yes
item4	v4	longphase_gnn_18x_6	2058975	0	1668	3.54640	2058975	0	1668	3.5464	yes
item4	v4	longphase_gnn_18x_7	2058815	0	1699	3.42990	2058815	0	1699	3.4299	yes
item4	v4	longphase_gnn_18x_8	2058680	0	1693	3.90474	2058680	0	1693	3.90474	yes
item4	v4	longphase_gnn_18x_9	2058268	0	1641	3.30924	2058268	0	1641	3.30924	yes
item4	v4	longphase_gnn_20x_1	2068444	0	1680	3.03980	2068444	0	1680	3.0398	yes
item4	v4	longphase_gnn_20x_10	2068298	0	1720	3.22914	2068298	0	1720	3.22914	yes
item4	v4	longphase_gnn_20x_2	2068971	0	1626	3.36412	2068971	0	1626	3.36412	yes
item4	v4	longphase_gnn_20x_3	2069333	0	1611	2.89846	2069333	0	1611	2.89846	yes
item4	v4	longphase_gnn_20x_4	2068432	0	1636	3.32329	2068432	0	1636	3.32329	yes
item4	v4	longphase_gnn_20x_5	2068591	0	1655	3.87161	2068591	0	1655	3.87161	yes
item4	v4	longphase_gnn_20x_6	2068479	0	1666	3.14787	2068479	0	1666	3.14787	yes
item4	v4	longphase_gnn_20x_7	2069251	0	1665	2.94127	2069251	0	1665	2.94127	yes
item4	v4	longphase_gnn_20x_8	2068872	0	1639	2.84115	2068872	0	1639	2.84115	yes
item4	v4	longphase_gnn_20x_9	2068089	0	1659	2.56815	2068089	0	1659	2.56815	yes
item4	v4	longphase_gnn_30x_1	2082981	0	1635	1.79919	2082981	0	1635	1.79919	yes
item4	v4	longphase_gnn_40x_1	2085304	0	1663	1.63739	2085304	0	1663	1.63739	yes
item4	v4	longphase_gnn_50x_1	2084234	0	1669	1.42639	2084234	0	1669	1.42639	yes
item4	v4	longphase_gnn_60x_1	2082902	0	1676	1.53681	2082902	0	1676	1.53681	yes
item4	v4	whatshap_v28_onlySNVs_10x_1	1786482	0	2775	7.56339	1786482	0	2775	7.56339	yes
item4	v4	whatshap_v28_onlySNVs_10x_10	1785810	0	2789	7.95180	1785810	0	2789	7.9518	yes
item4	v4	whatshap_v28_onlySNVs_10x_2	1787414	0	2700	6.96008	1787414	0	2700	6.96008	yes
item4	v4	whatshap_v28_onlySNVs_10x_3	1788363	0	2831	8.03220	1788363	0	2831	8.0322	yes
item4	v4	whatshap_v28_onlySNVs_10x_4	1784700	0	2752	7.08320	1784700	0	2752	7.0832	yes
item4	v4	whatshap_v28_onlySNVs_10x_5	1781800	0	2827	7.06428	1781800	0	2827	7.06428	yes
item4	v4	whatshap_v28_onlySNVs_10x_6	1785769	0	2814	7.69032	1785769	0	2814	7.69032	yes
item4	v4	whatshap_v28_onlySNVs_10x_7	1787813	0	2722	7.53070	1787813	0	2722	7.5307	yes
item4	v4	whatshap_v28_onlySNVs_10x_8	1788799	0	2797	7.29293	1788799	0	2797	7.29293	yes
item4	v4	whatshap_v28_onlySNVs_10x_9	1784849	0	2724	7.24835	1784849	0	2724	7.24835	yes
item4	v4	whatshap_v28_onlySNVs_12x_1	1935956	0	2668	8.28445	1935956	0	2668	8.28445	yes
item4	v4	whatshap_v28_onlySNVs_12x_10	1935071	0	2559	7.67959	1935071	0	2559	7.67959	yes
item4	v4	whatshap_v28_onlySNVs_12x_2	1934993	0	2627	8.05041	1934993	0	2627	8.05041	yes
item4	v4	whatshap_v28_onlySNVs_12x_3	1934347	0	2630	7.95557	1934347	0	2630	7.95557	yes
item4	v4	whatshap_v28_onlySNVs_12x_4	1933681	0	2599	7.99090	1933681	0	2599	7.9909	yes
item4	v4	whatshap_v28_onlySNVs_12x_5	1933819	0	2550	7.82007	1933819	0	2550	7.82007	yes
item4	v4	whatshap_v28_onlySNVs_12x_6	1935938	0	2533	7.33545	1935938	0	2533	7.33545	yes
item4	v4	whatshap_v28_onlySNVs_12x_7	1934272	0	2580	6.96379	1934272	0	2580	6.96379	yes
item4	v4	whatshap_v28_onlySNVs_12x_8	1933409	0	2595	8.06463	1933409	0	2595	8.06463	yes
item4	v4	whatshap_v28_onlySNVs_12x_9	1935846	0	2554	7.86358	1935846	0	2554	7.86358	yes
item4	v4	whatshap_v28_onlySNVs_14x_1	2007978	0	2360	7.24460	2007978	0	2360	7.2446	yes
item4	v4	whatshap_v28_onlySNVs_14x_10	2009162	0	2283	6.79117	2009162	0	2283	6.79117	yes
item4	v4	whatshap_v28_onlySNVs_14x_2	2011537	0	2356	6.23146	2011537	0	2356	6.23146	yes
item4	v4	whatshap_v28_onlySNVs_14x_3	2010972	0	2330	6.58600	2010972	0	2330	6.586	yes
item4	v4	whatshap_v28_onlySNVs_14x_4	2009849	0	2421	6.92003	2009849	0	2421	6.92003	yes
item4	v4	whatshap_v28_onlySNVs_14x_5	2010007	0	2393	7.23277	2010007	0	2393	7.23277	yes
item4	v4	whatshap_v28_onlySNVs_14x_6	2007788	0	2323	6.75647	2007788	0	2323	6.75647	yes
item4	v4	whatshap_v28_onlySNVs_14x_7	2009442	0	2409	6.24099	2009442	0	2409	6.24099	yes
item4	v4	whatshap_v28_onlySNVs_14x_8	2008351	0	2331	7.25388	2008351	0	2331	7.25388	yes
item4	v4	whatshap_v28_onlySNVs_14x_9	2009188	0	2354	7.11891	2009188	0	2354	7.11891	yes
item4	v4	whatshap_v28_onlySNVs_16x_1	2047000	0	2177	5.87556	2047000	0	2177	5.87556	yes
item4	v4	whatshap_v28_onlySNVs_16x_10	2046435	0	2167	5.97558	2046435	0	2167	5.97558	yes
item4	v4	whatshap_v28_onlySNVs_16x_2	2046202	0	2225	5.61382	2046202	0	2225	5.61382	yes
item4	v4	whatshap_v28_onlySNVs_16x_3	2045543	0	2175	6.47861	2045543	0	2175	6.47861	yes
item4	v4	whatshap_v28_onlySNVs_16x_4	2046190	0	2140	6.05492	2046190	0	2140	6.05492	yes
item4	v4	whatshap_v28_onlySNVs_16x_5	2047694	0	2192	6.46622	2047694	0	2192	6.46622	yes
item4	v4	whatshap_v28_onlySNVs_16x_6	2046246	0	2222	6.18252	2046246	0	2222	6.18252	yes
item4	v4	whatshap_v28_onlySNVs_16x_7	2046621	0	2159	6.66288	2046621	0	2159	6.66288	yes
item4	v4	whatshap_v28_onlySNVs_16x_8	2046474	0	2219	6.28931	2046474	0	2219	6.28931	yes
item4	v4	whatshap_v28_onlySNVs_16x_9	2047828	0	2224	6.10923	2047828	0	2224	6.10923	yes
item4	v4	whatshap_v28_onlySNVs_18x_1	2066219	0	2062	4.33908	2066219	0	2062	4.33908	yes
item4	v4	whatshap_v28_onlySNVs_18x_10	2065980	0	2084	5.37266	2065980	0	2084	5.37266	yes
item4	v4	whatshap_v28_onlySNVs_18x_2	2066699	0	2102	5.43779	2066699	0	2102	5.43779	yes
item4	v4	whatshap_v28_onlySNVs_18x_3	2066475	0	2070	5.04330	2066475	0	2070	5.0433	yes
item4	v4	whatshap_v28_onlySNVs_18x_4	2067220	0	2110	5.45222	2067220	0	2110	5.45222	yes
item4	v4	whatshap_v28_onlySNVs_18x_5	2066285	0	2041	4.74929	2066285	0	2041	4.74929	yes
item4	v4	whatshap_v28_onlySNVs_18x_6	2067198	0	2092	4.91282	2067198	0	2092	4.91282	yes
item4	v4	whatshap_v28_onlySNVs_18x_7	2066612	0	2041	4.87615	2066612	0	2041	4.87615	yes
item4	v4	whatshap_v28_onlySNVs_18x_8	2067079	0	2087	5.34829	2067079	0	2087	5.34829	yes
item4	v4	whatshap_v28_onlySNVs_18x_9	2066595	0	2041	4.86779	2066595	0	2041	4.86779	yes
item4	v4	whatshap_v28_onlySNVs_20x_1	2076404	0	1922	3.57549	2076404	0	1922	3.57549	yes
item4	v4	whatshap_v28_onlySNVs_20x_10	2076257	0	2018	4.33317	2076257	0	2018	4.33317	yes
item4	v4	whatshap_v28_onlySNVs_20x_2	2076574	0	1968	4.24898	2076574	0	1968	4.24898	yes
item4	v4	whatshap_v28_onlySNVs_20x_3	2076613	0	1988	3.89268	2076613	0	1988	3.89268	yes
item4	v4	whatshap_v28_onlySNVs_20x_4	2076216	0	1942	4.36657	2076216	0	1942	4.36657	yes
item4	v4	whatshap_v28_onlySNVs_20x_5	2076120	0	1983	4.92395	2076120	0	1983	4.92395	yes
item4	v4	whatshap_v28_onlySNVs_20x_6	2076135	0	1993	4.19276	2076135	0	1993	4.19276	yes
item4	v4	whatshap_v28_onlySNVs_20x_7	2077202	0	1997	4.49760	2077202	0	1997	4.4976	yes
item4	v4	whatshap_v28_onlySNVs_20x_8	2076631	0	1970	3.84931	2076631	0	1970	3.84931	yes
item4	v4	whatshap_v28_onlySNVs_20x_9	2075747	0	1944	4.26717	2075747	0	1944	4.26717	yes
item4	v4	whatshap_v28_onlySNVs_30x_1	2090707	0	1850	2.44558	2090707	0	1850	2.44558	yes
item4	v4	whatshap_v28_onlySNVs_40x_1	2094263	0	1810	2.91902	2094263	0	1810	2.91902	yes
item4	v4	whatshap_v28_onlySNVs_50x_1	2095589	0	1811	2.23158	2095589	0	1811	2.23158	yes
item4	v4	whatshap_v28_onlySNVs_60x_1	2095976	0	1801	2.60870	2095976	0	1801	2.6087	yes
item4	v5	hapcut2_v134_10x_1	1890862	0	4920	7.94024	1890862	0	4920	7.94024	yes
item4	v5	hapcut2_v134_10x_10	1889813	0	5035	8.47341	1889813	0	5035	8.47341	yes
item4	v5	hapcut2_v134_10x_2	1891551	0	4997	7.94713	1891551	0	4997	7.94713	yes
item4	v5	hapcut2_v134_10x_3	1890998	0	5145	8.10437	1890998	0	5145	8.10437	yes
item4	v5	hapcut2_v134_10x_4	1888452	0	5020	7.48763	1888452	0	5020	7.48763	yes
item4	v5	hapcut2_v134_10x_5	1884941	0	4808	7.06029	1884941	0	4808	7.06029	yes
item4	v5	hapcut2_v134_10x_6	1889493	0	5100	7.54113	1889493	0	5100	7.54113	yes
item4	v5	hapcut2_v134_10x_7	1891610	0	5166	7.66220	1891610	0	5166	7.6622	yes
item4	v5	hapcut2_v134_10x_8	1891850	0	5037	7.88674	1891850	0	5037	7.88674	yes
item4	v5	hapcut2_v134_10x_9	1888542	0	4950	7.61673	1888542	0	4950	7.61673	yes
item4	v5	hapcut2_v134_12x_1	2048686	0	4807	8.53115	2048686	0	4807	8.53115	yes
item4	v5	hapcut2_v134_12x_10	2048619	0	4900	8.13164	2048619	0	4900	8.13164	yes
item4	v5	hapcut2_v134_12x_2	2049679	0	4848	8.26591	2049679	0	4848	8.26591	yes
item4	v5	hapcut2_v134_12x_3	2048865	0	4966	8.18021	2048865	0	4966	8.18021	yes
item4	v5	hapcut2_v134_12x_4	2048310	0	4828	7.90438	2048310	0	4828	7.90438	yes
item4	v5	hapcut2_v134_12x_5	2047053	0	5017	8.14611	2047053	0	5017	8.14611	yes
item4	v5	hapcut2_v134_12x_6	2051276	0	4788	7.40433	2051276	0	4788	7.40433	yes
item4	v5	hapcut2_v134_12x_7	2048340	0	5052	7.81311	2048340	0	5052	7.81311	yes
item4	v5	hapcut2_v134_12x_8	2047583	0	5283	8.38427	2047583	0	5283	8.38427	yes
item4	v5	hapcut2_v134_12x_9	2050187	0	4990	7.88652	2050187	0	4990	7.88652	yes
item4	v5	hapcut2_v134_14x_1	2127506	0	4702	7.53990	2127506	0	4702	7.5399	yes
item4	v5	hapcut2_v134_14x_10	2127134	0	4614	6.77281	2127134	0	4614	6.77281	yes
item4	v5	hapcut2_v134_14x_2	2131552	0	4675	6.71210	2131552	0	4675	6.7121	yes
item4	v5	hapcut2_v134_14x_3	2131229	0	4589	6.46751	2131229	0	4589	6.46751	yes
item4	v5	hapcut2_v134_14x_4	2130821	0	4792	7.51729	2130821	0	4792	7.51729	yes
item4	v5	hapcut2_v134_14x_5	2127735	0	4598	7.70406	2127735	0	4598	7.70406	yes
item4	v5	hapcut2_v134_14x_6	2128545	0	4632	7.19078	2128545	0	4632	7.19078	yes
item4	v5	hapcut2_v134_14x_7	2129918	0	4457	6.21537	2129918	0	4457	6.21537	yes
item4	v5	hapcut2_v134_14x_8	2129295	0	4821	7.55155	2129295	0	4821	7.55155	yes
item4	v5	hapcut2_v134_14x_9	2129602	0	4639	7.34149	2129602	0	4639	7.34149	yes
item4	v5	hapcut2_v134_16x_1	2170272	0	4202	6.18584	2170272	0	4202	6.18584	yes
item4	v5	hapcut2_v134_16x_10	2169035	0	4332	5.98585	2169035	0	4332	5.98585	yes
item4	v5	hapcut2_v134_16x_2	2168131	0	4210	6.21666	2168131	0	4210	6.21666	yes
item4	v5	hapcut2_v134_16x_3	2168975	0	4358	6.36238	2168975	0	4358	6.36238	yes
item4	v5	hapcut2_v134_16x_4	2168895	0	4249	5.71274	2168895	0	4249	5.71274	yes
item4	v5	hapcut2_v134_16x_5	2170795	0	4431	6.46073	2170795	0	4431	6.46073	yes
item4	v5	hapcut2_v134_16x_6	2168835	0	4348	5.39669	2168835	0	4348	5.39669	yes
item4	v5	hapcut2_v134_16x_7	2170083	0	4389	6.21039	2170083	0	4389	6.21039	yes
item4	v5	hapcut2_v134_16x_8	2169101	0	4460	6.86367	2169101	0	4460	6.86367	yes
item4	v5	hapcut2_v134_16x_9	2171033	0	4457	5.91160	2171033	0	4457	5.9116	yes
item4	v5	hapcut2_v134_18x_1	2189755	0	4207	4.91689	2189755	0	4207	4.91689	yes
item4	v5	hapcut2_v134_18x_10	2189254	0	4126	5.10551	2189254	0	4126	5.10551	yes
item4	v5	hapcut2_v134_18x_2	2192290	0	4027	5.97504	2192290	0	4027	5.97504	yes
item4	v5	hapcut2_v134_18x_3	2190433	0	4203	5.53229	2190433	0	4203	5.53229	yes
item4	v5	hapcut2_v134_18x_4	2192091	0	3896	5.37340	2192091	0	3896	5.3734	yes
item4	v5	hapcut2_v134_18x_5	2190630	0	4081	5.18548	2190630	0	4081	5.18548	yes
item4	v5	hapcut2_v134_18x_6	2192253	0	4126	5.15646	2192253	0	4126	5.15646	yes
item4	v5	hapcut2_v134_18x_7	2189766	0	3935	5.23802	2189766	0	3935	5.23802	yes
item4	v5	hapcut2_v134_18x_8	2190725	0	4174	5.32948	2190725	0	4174	5.32948	yes
item4	v5	hapcut2_v134_18x_9	2189074	0	3901	5.34170	2189074	0	3901	5.3417	yes
item4	v5	hapcut2_v134_20x_1	2200421	0	3552	3.92652	2200421	0	3552	3.92652	yes
item4	v5	hapcut2_v134_20x_10	2199054	0	3752	4.91150	2199054	0	3752	4.9115	yes
item4	v5	hapcut2_v134_20x_2	2199917	0	3702	4.20132	2199917	0	3702	4.20132	yes
item4	v5	hapcut2_v134_20x_3	2200864	0	4033	4.41511	2200864	0	4033	4.41511	yes
item4	v5	hapcut2_v134_20x_4	2199619	0	3874	4.26492	2199619	0	3874	4.26492	yes
item4	v5	hapcut2_v134_20x_5	2199014	0	3776	4.61062	2199014	0	3776	4.61062	yes
item4	v5	hapcut2_v134_20x_6	2199327	0	3780	3.75928	2199327	0	3780	3.75928	yes
item4	v5	hapcut2_v134_20x_7	2200175	0	3937	3.91285	2200175	0	3937	3.91285	yes
item4	v5	hapcut2_v134_20x_8	2200682	0	3939	4.16836	2200682	0	3939	4.16836	yes
item4	v5	hapcut2_v134_20x_9	2199246	0	3902	4.48395	2199246	0	3902	4.48395	yes
item4	v5	hapcut2_v134_30x_1	2213483	0	3280	2.60713	2213483	0	3280	2.60713	yes
item4	v5	hapcut2_v134_40x_1	2215745	0	2916	2.89845	2215745	0	2916	2.89845	yes
item4	v5	hapcut2_v134_50x_1	2216082	0	2568	2.19744	2216082	0	2568	2.19744	yes
item4	v5	hapcut2_v134_60x_1	2215228	0	2309	2.11063	2215228	0	2309	2.11063	yes
item4	v5	longphase_10x_1	1873883	0	2277	6.92789	1873883	0	2277	6.92789	yes
item4	v5	longphase_10x_10	1873661	0	2261	7.54732	1873661	0	2261	7.54732	yes
item4	v5	longphase_10x_2	1874323	0	2242	7.03561	1874323	0	2242	7.03561	yes
item4	v5	longphase_10x_3	1874751	0	2257	7.28773	1874751	0	2257	7.28773	yes
item4	v5	longphase_10x_4	1871487	0	2213	6.71158	1871487	0	2213	6.71158	yes
item4	v5	longphase_10x_5	1870105	0	2284	6.52808	1870105	0	2284	6.52808	yes
item4	v5	longphase_10x_6	1873757	0	2281	7.13887	1873757	0	2281	7.13887	yes
item4	v5	longphase_10x_7	1874422	0	2286	7.12180	1874422	0	2286	7.1218	yes
item4	v5	longphase_10x_8	1875605	0	2309	7.17982	1875605	0	2309	7.17982	yes
item4	v5	longphase_10x_9	1872106	0	2176	6.89762	1872106	0	2176	6.89762	yes
item4	v5	longphase_12x_1	2033229	0	2013	7.85758	2033229	0	2013	7.85758	yes
item4	v5	longphase_12x_10	2031713	0	2113	7.74950	2031713	0	2113	7.7495	yes
item4	v5	longphase_12x_2	2032648	0	2043	7.23546	2032648	0	2043	7.23546	yes
item4	v5	longphase_12x_3	2032921	0	1924	7.50114	2032921	0	1924	7.50114	yes
item4	v5	longphase_12x_4	2031639	0	1992	7.06704	2031639	0	1992	7.06704	yes
item4	v5	longphase_12x_5	2030224	0	1932	7.46379	2030224	0	1932	7.46379	yes
item4	v5	longphase_12x_6	2034203	0	2016	6.55685	2034203	0	2016	6.55685	yes
item4	v5	longphase_12x_7	2031319	0	2009	6.80283	2031319	0	2009	6.80283	yes
item4	v5	longphase_12x_8	2030294	0	1990	6.96536	2030294	0	1990	6.96536	yes
item4	v5	longphase_12x_9	2033473	0	1915	6.90931	2033473	0	1915	6.90931	yes
item4	v5	longphase_14x_1	2110971	0	1686	7.19073	2110971	0	1686	7.19073	yes
item4	v5	longphase_14x_10	2112607	0	1669	6.23777	2112607	0	1669	6.23777	yes
item4	v5	longphase_14x_2	2114447	0	1745	6.48257	2114447	0	1745	6.48257	yes
item4	v5	longphase_14x_3	2114540	0	1684	5.71047	2114540	0	1684	5.71047	yes
item4	v5	longphase_14x_4	2113612	0	1757	6.29237	2113612	0	1757	6.29237	yes
item4	v5	longphase_14x_5	2112145	0	1713	7.24513	2112145	0	1713	7.24513	yes
item4	v5	longphase_14x_6	2111782	0	1693	6.37672	2111782	0	1693	6.37672	yes
item4	v5	longphase_14x_7	2113123	0	1658	5.63089	2113123	0	1658	5.63089	yes
item4	v5	longphase_14x_8	2112001	0	1809	6.86310	2112001	0	1809	6.8631	yes
item4	v5	longphase_14x_9	2112259	0	1651	6.26045	2112259	0	1651	6.26045	yes
item4	v5	longphase_16x_1	2154082	0	1433	5.62866	2154082	0	1433	5.62866	yes
item4	v5	longphase_16x_10	2152999	0	1524	5.64757	2152999	0	1524	5.64757	yes
item4	v5	longphase_16x_2	2152725	0	1491	5.61288	2152725	0	1491	5.61288	yes
item4	v5	longphase_16x_3	2152590	0	1467	5.40951	2152590	0	1467	5.40951	yes
item4	v5	longphase_16x_4	2152176	0	1540	5.27001	2152176	0	1540	5.27001	yes
item4	v5	longphase_16x_5	2154073	0	1552	5.65792	2154073	0	1552	5.65792	yes
item4	v5	longphase_16x_6	2152784	0	1555	5.07500	2152784	0	1555	5.075	yes
item4	v5	longphase_16x_7	2153535	0	1504	5.74221	2153535	0	1504	5.74221	yes
item4	v5	longphase_16x_8	2152218	0	1531	5.55343	2152218	0	1531	5.55343	yes
item4	v5	longphase_16x_9	2153747	0	1542	5.48307	2153747	0	1542	5.48307	yes
item4	v5	longphase_18x_1	2173258	0	1363	4.95334	2173258	0	1363	4.95334	yes
item4	v5	longphase_18x_10	2174801	0	1411	5.04765	2174801	0	1411	5.04765	yes
item4	v5	longphase_18x_2	2175911	0	1364	4.73895	2175911	0	1364	4.73895	yes
item4	v5	longphase_18x_3	2174037	0	1400	5.02310	2174037	0	1400	5.0231	yes
item4	v5	longphase_18x_4	2175426	0	1322	4.52275	2175426	0	1322	4.52275	yes
item4	v5	longphase_18x_5	2174210	0	1337	4.50096	2174210	0	1337	4.50096	yes
item4	v5	longphase_18x_6	2174870	0	1429	4.85729	2174870	0	1429	4.85729	yes
item4	v5	longphase_18x_7	2175576	0	1395	4.53327	2175576	0	1395	4.53327	yes
item4	v5	longphase_18x_8	2174347	0	1335	4.84784	2174347	0	1335	4.84784	yes
item4	v5	longphase_18x_9	2173941	0	1386	4.51938	2173941	0	1386	4.51938	yes
item4	v5	longphase_20x_1	2185073	0	1311	3.98836	2185073	0	1311	3.98836	yes
item4	v5	longphase_20x_10	2184314	0	1235	4.37414	2184314	0	1235	4.37414	yes
item4	v5	longphase_20x_2	2185631	0	1226	4.40807	2185631	0	1226	4.40807	yes
item4	v5	longphase_20x_3	2185014	0	1176	3.73543	2185014	0	1176	3.73543	yes
item4	v5	longphase_20x_4	2185058	0	1197	4.09641	2185058	0	1197	4.09641	yes
item4	v5	longphase_20x_5	2184849	0	1287	4.94035	2184849	0	1287	4.94035	yes
item4	v5	longphase_20x_6	2184612	0	1182	4.19140	2184612	0	1182	4.1914	yes
item4	v5	longphase_20x_7	2185147	0	1250	3.92097	2185147	0	1250	3.92097	yes
item4	v5	longphase_20x_8	2184646	0	1218	3.97372	2184646	0	1218	3.97372	yes
item4	v5	longphase_20x_9	2184482	0	1272	3.59021	2184482	0	1272	3.59021	yes
item4	v5	longphase_30x_1	2197572	0	1004	2.40328	2197572	0	1004	2.40328	yes
item4	v5	longphase_40x_1	2198268	0	878	2.37294	2198268	0	878	2.37294	yes
item4	v5	longphase_50x_1	2196081	0	883	1.86270	2196081	0	883	1.8627	yes
item4	v5	longphase_60x_1	2193366	0	743	1.75198	2193366	0	743	1.75198	yes
item4	v5	longphase_gnn_10x_1	1867478	0	1510	5.27872	1867478	0	1510	5.27872	yes
item4	v5	longphase_gnn_10x_10	1867421	0	1528	5.58792	1867421	0	1528	5.58792	yes
item4	v5	longphase_gnn_10x_2	1868053	0	1516	5.32006	1868053	0	1516	5.32006	yes
item4	v5	longphase_gnn_10x_3	1868587	0	1506	5.63299	1868587	0	1506	5.63299	yes
item4	v5	longphase_gnn_10x_4	1865048	0	1476	4.91332	1865048	0	1476	4.91332	yes
item4	v5	longphase_gnn_10x_5	1863973	0	1505	4.94480	1863973	0	1505	4.9448	yes
item4	v5	longphase_gnn_10x_6	1867287	0	1523	5.27192	1867287	0	1523	5.27192	yes
item4	v5	longphase_gnn_10x_7	1868300	0	1554	5.44537	1868300	0	1554	5.44537	yes
item4	v5	longphase_gnn_10x_8	1869379	0	1574	5.59228	1869379	0	1574	5.59228	yes
item4	v5	longphase_gnn_10x_9	1865870	0	1487	5.28170	1865870	0	1487	5.2817	yes
item4	v5	longphase_gnn_12x_1	2027751	0	1359	6.06780	2027751	0	1359	6.0678	yes
item4	v5	longphase_gnn_12x_10	2026115	0	1397	5.56640	2026115	0	1397	5.5664	yes
item4	v5	longphase_gnn_12x_2	2026955	0	1351	5.44894	2026955	0	1351	5.44894	yes
item4	v5	longphase_gnn_12x_3	2027759	0	1332	5.75099	2027759	0	1332	5.75099	yes
item4	v5	longphase_gnn_12x_4	2025958	0	1340	5.26901	2025958	0	1340	5.26901	yes
item4	v5	longphase_gnn_12x_5	2024486	0	1238	5.59106	2024486	0	1238	5.59106	yes
item4	v5	longphase_gnn_12x_6	2028521	0	1406	4.84465	2028521	0	1406	4.84465	yes
item4	v5	longphase_gnn_12x_7	2025612	0	1365	4.84602	2025612	0	1365	4.84602	yes
item4	v5	longphase_gnn_12x_8	2024709	0	1291	5.45332	2024709	0	1291	5.45332	yes
item4	v5	longphase_gnn_12x_9	2027890	0	1268	5.25114	2027890	0	1268	5.25114	yes
item4	v5	longphase_gnn_14x_1	2106296	0	1107	5.72473	2106296	0	1107	5.72473	yes
item4	v5	longphase_gnn_14x_10	2108094	0	1130	4.80816	2108094	0	1130	4.80816	yes
item4	v5	longphase_gnn_14x_2	2109559	0	1123	4.60673	2109559	0	1123	4.60673	yes
item4	v5	longphase_gnn_14x_3	2109661	0	1155	4.39442	2109661	0	1155	4.39442	yes
item4	v5	longphase_gnn_14x_4	2108837	0	1226	4.77841	2108837	0	1226	4.77841	yes
item4	v5	longphase_gnn_14x_5	2107543	0	1159	5.73211	2107543	0	1159	5.73211	yes
item4	v5	longphase_gnn_14x_6	2107002	0	1113	4.74843	2107002	0	1113	4.74843	yes
item4	v5	longphase_gnn_14x_7	2108283	0	1111	3.92419	2108283	0	1111	3.92419	yes
item4	v5	longphase_gnn_14x_8	2106964	0	1156	5.39832	2106964	0	1156	5.39832	yes
item4	v5	longphase_gnn_14x_9	2107655	0	1092	4.73428	2107655	0	1092	4.73428	yes
item4	v5	longphase_gnn_16x_1	2150048	0	972	4.37241	2150048	0	972	4.37241	yes
item4	v5	longphase_gnn_16x_10	2149024	0	1037	4.56731	2149024	0	1037	4.56731	yes
item4	v5	longphase_gnn_16x_2	2148602	0	1031	4.35597	2148602	0	1031	4.35597	yes
item4	v5	longphase_gnn_16x_3	2148425	0	961	3.64949	2148425	0	961	3.64949	yes
item4	v5	longphase_gnn_16x_4	2148162	0	1025	4.21898	2148162	0	1025	4.21898	yes
item4	v5	longphase_gnn_16x_5	2149669	0	988	4.29869	2149669	0	988	4.29869	yes
item4	v5	longphase_gnn_16x_6	2148787	0	1040	3.98838	2148787	0	1040	3.98838	yes
item4	v5	longphase_gnn_16x_7	2149546	0	1016	4.27125	2149546	0	1016	4.27125	yes
item4	v5	longphase_gnn_16x_8	2147903	0	1016	4.23257	2147903	0	1016	4.23257	yes
item4	v5	longphase_gnn_16x_9	2149548	0	1020	4.01833	2149548	0	1020	4.01833	yes
item4	v5	longphase_gnn_18x_1	2169577	0	940	3.74305	2169577	0	940	3.74305	yes
item4	v5	longphase_gnn_18x_10	2171113	0	951	3.66750	2171113	0	951	3.6675	yes
item4	v5	longphase_gnn_18x_2	2172344	0	910	3.48258	2172344	0	910	3.48258	yes
item4	v5	longphase_gnn_18x_3	2170299	0	925	4.16776	2170299	0	925	4.16776	yes
item4	v5	longphase_gnn_18x_4	2171830	0	903	3.56573	2171830	0	903	3.56573	yes
item4	v5	longphase_gnn_18x_5	2170797	0	923	3.41669	2170797	0	923	3.41669	yes
item4	v5	longphase_gnn_18x_6	2171253	0	909	3.62314	2171253	0	909	3.62314	yes
item4	v5	longphase_gnn_18x_7	2171927	0	919	3.44761	2171927	0	919	3.44761	yes
item4	v5	longphase_gnn_18x_8	2170642	0	896	3.94687	2170642	0	896	3.94687	yes
item4	v5	longphase_gnn_18x_9	2170277	0	899	3.32006	2170277	0	899	3.32006	yes
item4	v5	longphase_gnn_20x_1	2182053	0	922	3.07491	2182053	0	922	3.07491	yes
item4	v5	longphase_gnn_20x_10	2180885	0	805	3.30883	2180885	0	805	3.30883	yes
item4	v5	longphase_gnn_20x_2	2182439	0	816	3.45546	2182439	0	816	3.45546	yes
item4	v5	longphase_gnn_20x_3	2181896	0	788	2.99044	2181896	0	788	2.99044	yes
item4	v5	longphase_gnn_20x_4	2181806	0	801	3.29290	2181806	0	801	3.2929	yes
item4	v5	longphase_gnn_20x_5	2181480	0	844	3.98773	2181480	0	844	3.98773	yes
item4	v5	longphase_gnn_20x_6	2181262	0	758	3.20515	2181262	0	758	3.20515	yes
item4	v5	longphase_gnn_20x_7	2181802	0	823	3.04520	2181802	0	823	3.0452	yes
item4	v5	longphase_gnn_20x_8	2181367	0	839	2.94251	2181367	0	839	2.94251	yes
item4	v5	longphase_gnn_20x_9	2181249	0	833	2.77159	2181249	0	833	2.77159	yes
item4	v5	longphase_gnn_30x_1	2194861	0	680	1.82263	2194861	0	680	1.82263	yes
item4	v5	longphase_gnn_40x_1	2196032	0	602	1.71254	2196032	0	602	1.71254	yes
item4	v5	longphase_gnn_50x_1	2193915	0	588	1.48076	2193915	0	588	1.48076	yes
item4	v5	longphase_gnn_60x_1	2191311	0	496	1.53436	2191311	0	496	1.53436	yes
item4	v5	whatshap_v28_onlySNVs_10x_1	1889679	0	4258	7.71187	1889679	0	4258	7.71187	yes
item4	v5	whatshap_v28_onlySNVs_10x_10	1888508	0	4437	8.10694	1888508	0	4437	8.10694	yes
item4	v5	whatshap_v28_onlySNVs_10x_2	1890385	0	4313	7.10938	1890385	0	4313	7.10938	yes
item4	v5	whatshap_v28_onlySNVs_10x_3	1889829	0	4431	8.22819	1889829	0	4431	8.22819	yes
item4	v5	whatshap_v28_onlySNVs_10x_4	1887351	0	4389	7.26107	1887351	0	4389	7.26107	yes
item4	v5	whatshap_v28_onlySNVs_10x_5	1885092	0	4383	7.19534	1885092	0	4383	7.19534	yes
item4	v5	whatshap_v28_onlySNVs_10x_6	1888469	0	4474	7.86073	1888469	0	4474	7.86073	yes
item4	v5	whatshap_v28_onlySNVs_10x_7	1890394	0	4411	7.73055	1890394	0	4411	7.73055	yes
item4	v5	whatshap_v28_onlySNVs_10x_8	1890715	0	4409	7.37741	1890715	0	4409	7.37741	yes
item4	v5	whatshap_v28_onlySNVs_10x_9	1887372	0	4328	7.45448	1887372	0	4328	7.45448	yes
item4	v5	whatshap_v28_onlySNVs_12x_1	2048733	0	4281	8.50287	2048733	0	4281	8.50287	yes
item4	v5	whatshap_v28_onlySNVs_12x_10	2047110	0	4187	7.84078	2047110	0	4187	7.84078	yes
item4	v5	whatshap_v28_onlySNVs_12x_2	2048109	0	4121	8.14891	2048109	0	4121	8.14891	yes
item4	v5	whatshap_v28_onlySNVs_12x_3	2047385	0	4345	8.12887	2047385	0	4345	8.12887	yes
item4	v5	whatshap_v28_onlySNVs_12x_4	2046788	0	4076	8.17033	2046788	0	4076	8.17033	yes
item4	v5	whatshap_v28_onlySNVs_12x_5	2045663	0	4256	7.96055	2045663	0	4256	7.96055	yes
item4	v5	whatshap_v28_onlySNVs_12x_6	2049706	0	4061	7.45983	2049706	0	4061	7.45983	yes
item4	v5	whatshap_v28_onlySNVs_12x_7	2046749	0	4210	7.20156	2046749	0	4210	7.20156	yes
item4	v5	whatshap_v28_onlySNVs_12x_8	2046014	0	4467	8.36418	2046014	0	4467	8.36418	yes
item4	v5	whatshap_v28_onlySNVs_12x_9	2048638	0	4283	8.12085	2048638	0	4283	8.12085	yes
item4	v5	whatshap_v28_onlySNVs_14x_1	2125899	0	3744	7.49399	2125899	0	3744	7.49399	yes
item4	v5	whatshap_v28_onlySNVs_14x_10	2127148	0	3862	6.92660	2127148	0	3862	6.9266	yes
item4	v5	whatshap_v28_onlySNVs_14x_2	2129807	0	3780	6.36508	2129807	0	3780	6.36508	yes
item4	v5	whatshap_v28_onlySNVs_14x_3	2129391	0	3729	6.75447	2129391	0	3729	6.75447	yes
item4	v5	whatshap_v28_onlySNVs_14x_4	2129038	0	3960	7.08779	2129038	0	3960	7.08779	yes
item4	v5	whatshap_v28_onlySNVs_14x_5	2127762	0	4070	7.38507	2127762	0	4070	7.38507	yes
item4	v5	whatshap_v28_onlySNVs_14x_6	2126809	0	3838	6.91879	2126809	0	3838	6.91879	yes
item4	v5	whatshap_v28_onlySNVs_14x_7	2128126	0	3706	6.37014	2128126	0	3706	6.37014	yes
item4	v5	whatshap_v28_onlySNVs_14x_8	2127488	0	4015	7.43031	2127488	0	4015	7.43031	yes
item4	v5	whatshap_v28_onlySNVs_14x_9	2127840	0	3775	7.39554	2127840	0	3775	7.39554	yes
item4	v5	whatshap_v28_onlySNVs_16x_1	2168471	0	3381	6.09708	2168471	0	3381	6.09708	yes
item4	v5	whatshap_v28_onlySNVs_16x_10	2167167	0	3490	6.10930	2167167	0	3490	6.1093	yes
item4	v5	whatshap_v28_onlySNVs_16x_2	2168119	0	3580	5.76028	2168119	0	3580	5.76028	yes
item4	v5	whatshap_v28_onlySNVs_16x_3	2167217	0	3416	6.67501	2167217	0	3416	6.67501	yes
item4	v5	whatshap_v28_onlySNVs_16x_4	2167093	0	3486	6.21077	2167093	0	3486	6.21077	yes
item4	v5	whatshap_v28_onlySNVs_16x_5	2169031	0	3539	6.75174	2169031	0	3539	6.75174	yes
item4	v5	whatshap_v28_onlySNVs_16x_6	2166980	0	3813	6.42008	2166980	0	3813	6.42008	yes
item4	v5	whatshap_v28_onlySNVs_16x_7	2168216	0	3533	6.78884	2168216	0	3533	6.78884	yes
item4	v5	whatshap_v28_onlySNVs_16x_8	2167233	0	3662	6.49607	2167233	0	3662	6.49607	yes
item4	v5	whatshap_v28_onlySNVs_16x_9	2169203	0	3708	6.38150	2169203	0	3708	6.3815	yes
item4	v5	whatshap_v28_onlySNVs_18x_1	2187972	0	3304	4.48363	2187972	0	3304	4.48363	yes
item4	v5	whatshap_v28_onlySNVs_18x_10	2189118	0	3502	5.55706	2189118	0	3502	5.55706	yes
item4	v5	whatshap_v28_onlySNVs_18x_2	2190476	0	3259	5.68859	2190476	0	3259	5.68859	yes
item4	v5	whatshap_v28_onlySNVs_18x_3	2188658	0	3272	5.22453	2188658	0	3272	5.22453	yes
item4	v5	whatshap_v28_onlySNVs_18x_4	2190322	0	3088	5.64598	2190322	0	3088	5.64598	yes
item4	v5	whatshap_v28_onlySNVs_18x_5	2188869	0	3139	4.92987	2188869	0	3139	4.92987	yes
item4	v5	whatshap_v28_onlySNVs_18x_6	2190363	0	3314	5.07084	2190363	0	3314	5.07084	yes
item4	v5	whatshap_v28_onlySNVs_18x_7	2189716	0	3175	5.05579	2189716	0	3175	5.05579	yes
item4	v5	whatshap_v28_onlySNVs_18x_8	2188985	0	3422	5.60881	2188985	0	3422	5.60881	yes
item4	v5	whatshap_v28_onlySNVs_18x_9	2189015	0	3436	5.01444	2189015	0	3436	5.01444	yes
item4	v5	whatshap_v28_onlySNVs_20x_1	2200300	0	2735	3.76472	2200300	0	2735	3.76472	yes
item4	v5	whatshap_v28_onlySNVs_20x_10	2198952	0	2983	4.50502	2198952	0	2983	4.50502	yes
item4	v5	whatshap_v28_onlySNVs_20x_2	2199787	0	2960	4.56511	2199787	0	2960	4.56511	yes
item4	v5	whatshap_v28_onlySNVs_20x_3	2199226	0	3226	4.05463	2199226	0	3226	4.05463	yes
item4	v5	whatshap_v28_onlySNVs_20x_4	2199446	0	3062	4.50324	2199446	0	3062	4.50324	yes
item4	v5	whatshap_v28_onlySNVs_20x_5	2198932	0	3121	5.05572	2198932	0	3121	5.05572	yes
item4	v5	whatshap_v28_onlySNVs_20x_6	2199270	0	3077	4.35938	2199270	0	3077	4.35938	yes
item4	v5	whatshap_v28_onlySNVs_20x_7	2200010	0	3238	4.62144	2200010	0	3238	4.62144	yes
item4	v5	whatshap_v28_onlySNVs_20x_8	2199081	0	3152	4.11515	2199081	0	3152	4.11515	yes
item4	v5	whatshap_v28_onlySNVs_20x_9	2199117	0	3113	4.42501	2199117	0	3113	4.42501	yes
item4	v5	whatshap_v28_onlySNVs_30x_1	2213304	0	2524	2.55556	2213304	0	2524	2.55556	yes
item4	v5	whatshap_v28_onlySNVs_40x_1	2215519	0	2139	3.04639	2215519	0	2139	3.04639	yes
item4	v5	whatshap_v28_onlySNVs_50x_1	2215890	0	2010	2.39959	2215890	0	2010	2.39959	yes
item4	v5	whatshap_v28_onlySNVs_60x_1	2215068	0	1785	2.74955	2215068	0	1785	2.74955	yes
