run	input	FORMAT	phased_SNV	assessed_pairs	SNV_SW	SNV_SW(%)	Hamming(%)	blocks	block_N50(bp)
paper run (genome-wide)	PEPPER, all records	GT:PS	51932	51877	728	1.40332	34.53176	95	2794053
chr20 control	PEPPER chr20, all records	GT:PS	51930	51875	724	1.39566	35.03380	95	2794053
chr20 refCall removed	PEPPER chr20, FILTER PASS	GT:PS	49938	49845	254	0.50958	16.08058	113	1341285
chr20 het SNV only	PEPPER chr20, PASS 0/1 single-base	GT:PS	49917	49823	254	0.50980	16.00088	115	1262940
chr20 het SNV only, 2nd run (premerge patch)	PEPPER chr20, PASS 0/1 single-base	GT:PS	49923	49827	254	0.50976	16.00096	115	1262940
chr20 control, no PS in FORMAT	PEPPER chr20, all records	PEPPER FORMAT	51928	51927	753	1.45011	46.51440	1	64273587
chr20 refCall removed, no PS in FORMAT	PEPPER chr20, FILTER PASS	PEPPER FORMAT	49934	49933	305	0.61082	49.11283	1	64273266
chr20 het SNV only, no PS in FORMAT	PEPPER chr20, PASS 0/1 single-base	PEPPER FORMAT	49919	49918	307	0.61501	47.94968	1	64273266
LongPhase 2 (no GNN)	PEPPER, all records	-	49042	48968	33	0.06739	2.04527	91	1476001
WhatsHap 2.8 --only-snvs	PEPPER, all records	-	49939	49860	107	0.21460	3.39041	98	1527086
