coverage	run	Phased_SNV	Phased_SNV(%)	SNV_SW	assessed_SNV_pairs	SNV_SW(%)	Hamming(%)	Blocks	Block_N50(bp)
10x	MethPhaser input (LongPhase 2 SNV, no GNN)	1873883	78.11491	2277	1868425	0.12187	6.92789	6029	939511
10x	MethPhaser 0.0.4	1873883	78.11491	2317	1868571	0.124	7.1819	5882	1053215
10x	LongPhase 2 SNV + 5mC, no GNN	1874434	78.13788	2280	1869105	0.12198	6.95413	5896	960500
10x	LongPhase 2 SNV + 5mC, GNN	1868528	77.89168	1554	1862594	0.08343	5.30991	6959	878650
20x	MethPhaser input (LongPhase 2 SNV, no GNN)	2185073	91.08722	1311	2181856	0.06009	3.98836	3570	1699343
20x	MethPhaser 0.0.4	2185073	91.08722	1508	2182789	0.06909	7.09123	2633	2509961
20x	LongPhase 2 SNV + 5mC, no GNN	2185194	91.09226	1288	2182247	0.05902	4.63354	3294	1851874
20x	LongPhase 2 SNV + 5mC, GNN	2182426	90.97687	910	2179224	0.04176	3.39801	4136	1742497
30x	MethPhaser input (LongPhase 2 SNV, no GNN)	2197572	91.60825	1004	2194914	0.04574	2.40328	3007	1968909
30x	MethPhaser 0.0.4	2197572	91.60825	1142	2195916	0.05201	5.89125	2004	3776962
30x	LongPhase 2 SNV + 5mC, no GNN	2197510	91.60567	1015	2195076	0.04624	2.53318	2781	2122336
30x	LongPhase 2 SNV + 5mC, GNN	2195127	91.50633	692	2192540	0.03156	2.00896	3555	2073043
40x	MethPhaser input (LongPhase 2 SNV, no GNN)	2198268	91.63726	878	2195968	0.03998	2.37294	2624	2288709
40x	MethPhaser 0.0.4	2198268	91.63726	944	2196935	0.04297	4.50548	1655	4480852
40x	LongPhase 2 SNV + 5mC, no GNN	2198247	91.63639	881	2196169	0.04012	2.71806	2401	2549449
40x	LongPhase 2 SNV + 5mC, GNN	2196178	91.55014	611	2193954	0.02785	2.19873	3189	2470461
50x	MethPhaser input (LongPhase 2 SNV, no GNN)	2196081	91.5461	883	2194017	0.04025	1.8627	2389	2570482
50x	MethPhaser 0.0.4	2196081	91.5461	938	2194938	0.04273	5.15731	1465	5574353
50x	LongPhase 2 SNV + 5mC, no GNN	2196122	91.54781	890	2194239	0.04056	2.09439	2207	2906664
50x	LongPhase 2 SNV + 5mC, GNN	2194139	91.46514	610	2192143	0.02783	1.8341	2992	2865428
60x	MethPhaser input (LongPhase 2 SNV, no GNN)	2193366	91.43292	743	2191468	0.0339	1.75198	2225	2910751
60x	MethPhaser 0.0.4	2193366	91.43292	777	2192354	0.03544	3.95951	1336	6108891
60x	LongPhase 2 SNV + 5mC, no GNN	2193603	91.4428	736	2191875	0.03358	1.81552	2055	3140788
60x	LongPhase 2 SNV + 5mC, GNN	2191726	91.36455	497	2189888	0.0227	1.5984	2839	3087099
