tool	configuration	threads	coverage	wall_s	cpu_s	max_rss_kb
LongPhase 2	phase + GNN	24	10	277	816	37727460
LongPhase 2	phase + GNN	1	10	488	499	6518492
WhatsHap 2.8	--only-snvs	1	10	1510	1504	1600848
HapCUT2 1.3.4	extractHAIRS + HAPCUT2	1	10	1445	1443	6902796
LongPhase 2	phase + GNN	24	12	300	872	41007276
WhatsHap 2.8	--only-snvs	1	12	2258	2254	1699260
HapCUT2 1.3.4	extractHAIRS + HAPCUT2	1	12	1687	1681	6707356
LongPhase 2	phase + GNN	24	14	322	901	43094924
WhatsHap 2.8	--only-snvs	1	14	2941	2937	1900644
HapCUT2 1.3.4	extractHAIRS + HAPCUT2	1	14	2120	2113	8675272
LongPhase 2	phase + GNN	24	16	363	949	44134272
WhatsHap 2.8	--only-snvs	1	16	3532	3528	2044664
HapCUT2 1.3.4	extractHAIRS + HAPCUT2	1	16	2362	2357	9364860
LongPhase 2	phase + GNN	24	18	398	992	47072596
WhatsHap 2.8	--only-snvs	1	18	4447	4432	2169816
HapCUT2 1.3.4	extractHAIRS + HAPCUT2	1	18	2526	2513	10061948
LongPhase 2	phase + GNN	24	20	611	1051	47810720
WhatsHap 2.8	--only-snvs	1	20	4476	4387	2291040
HapCUT2 1.3.4	extractHAIRS + HAPCUT2	1	20	2671	2556	9049444
LongPhase 2	phase + GNN	24	30	685	1276	53115056
WhatsHap 2.8	--only-snvs	1	30	5444	5422	2755148
LongPhase 2	phase + GNN	24	40	866	1552	57050600
WhatsHap 2.8	--only-snvs	1	40	6022	6007	3185780
LongPhase 2	phase + GNN	24	50	1058	1833	61330908
WhatsHap 2.8	--only-snvs	1	50	6457	6427	3632700
HapCUT2 1.3.4	extractHAIRS + HAPCUT2	1	50	5140	5068	17557156
LongPhase 2	phase + GNN	24	60	976	2067	66098140
LongPhase 2	phase + GNN	1	60	1077	1125	7729120
WhatsHap 2.8	--only-snvs	1	60	6830	6817	4149588
HapCUT2 1.3.4	extractHAIRS + HAPCUT2	1	60	5784	5754	20388028
